barcode;name;brand;category;reference;arcor_code;arcor_desc;confidence
7790580160807;ACEITE BOTELLA ARCOR ACEITE DE MAÍZ 12 X 900 Ml.;ARCOR;ALIMENTOS;1001608;1001608;ACEITE BOTELLA ARCOR ACEITE DE MAÍZ 12 X 900 Ml.;arcor-catalog
7790580160807;ACEITE MAIZ x900cc;ARCOR;ALIMENTOS;1608;1001608;ACEITE BOTELLA ARCOR ACEITE DE MAÍZ 12 X 900 Ml.;alta
;AGRUP.ALF.BONoBON 6x40g.;ARCOR;;6139;;;sin-match
7790580113469;AGRUPADO AGUILA 12 X 8 X 48 Cc.;ARCOR;HELADOS;1011346;1011346;AGRUPADO AGUILA 12 X 8 X 48 Cc.;arcor-catalog
7790580121914;AGRUPADO CINDOR 12 X 6 X 50 Cc.;ARCOR;HELADOS;1012191;1012191;AGRUPADO CINDOR 12 X 6 X 50 Cc.;arcor-catalog
7790580127589;AGRUPADO COFLER 12 X 4 X 50 Cc.;ARCOR;HELADOS;1012758;1012758;AGRUPADO COFLER 12 X 4 X 50 Cc.;arcor-catalog
7790580127565;AGRUPADO MR POP'S 12 X 6 X 40 Cc.;ARCOR;HELADOS;1012756;1012756;AGRUPADO MR POP'S 12 X 6 X 40 Cc.;arcor-catalog
7790580127572;AGRUPADO PALITO BOMBÓN HELADO 12 X 6 X 40 Cc.;ARCOR;HELADOS;1012757;1012757;AGRUPADO PALITO BOMBÓN HELADO 12 X 6 X 40 Cc.;arcor-catalog
7790580126292;AGUIL 70% CACAO x 150g;ARCOR;CHOCOLATES;12903;1012903;CHOCOLATE AGUILA EXTRAFINO AGUILA 70% CACAO 4 X 15 X 150 Gr.;alta
;AGUILA 80% CACAO x150g;ARCOR;;14347;;;sin-match
;AGUILA FAMILIAR x 100Gr.;ARCOR;;3101;;;sin-match
;AGUILA NARANJITAS x100g;ARCOR;;14348;;;sin-match
7790580122287;AGUILA PREMEZCLAS BROWNIE AGUILA 12 X 425 Gr.;ARCOR;ALIMENTOS;1012228;1012228;AGUILA PREMEZCLAS BROWNIE AGUILA 12 X 425 Gr.;arcor-catalog
7790580127732;AGUILA PREMEZCLAS CHOCOLATE 12 X 540 Gr.;ARCOR;ALIMENTOS;1012773;1012773;AGUILA PREMEZCLAS CHOCOLATE 12 X 540 Gr.;arcor-catalog
7790580127756;AGUILA PREMEZCLAS MARMOLADO 12 X 560 Gr.;ARCOR;ALIMENTOS;1012775;1012775;AGUILA PREMEZCLAS MARMOLADO 12 X 560 Gr.;arcor-catalog
7790580122300;AGUILA PREMEZCLAS TORTA AGUILA 12 X 450 Gr.;ARCOR;ALIMENTOS;1012230;1012230;AGUILA PREMEZCLAS TORTA AGUILA 12 X 450 Gr.;arcor-catalog
7790580127749;AGUILA PREMEZCLAS VAINILLA 12 X 540 Gr.;ARCOR;ALIMENTOS;1012774;1012774;AGUILA PREMEZCLAS VAINILLA 12 X 540 Gr.;arcor-catalog
;ALF AGUILA DORADO x50g;ARCOR;;14120;;;sin-match
;ALF. AGUILA MINI BLANCO 20x24g;ARCOR;;12422;;;sin-match
;ALF. BON O BON BCO x40g;ARCOR;;4305;;;sin-match
;ALF. BON O BON LECHE x40g;ARCOR;;4303;;;sin-match
;ALF. BON O BON TRIPLE x60Gr.;ARCOR;;14884;;;sin-match
;ALF. BON O BON TRIPLE x60Gr.;ARCOR;;6140;;;sin-match
;ALF. COFLER BLOCK TRIPLE x60g.;ARCOR;;6596;;;sin-match
;ALF. COFLER BLOCK x40.7g;ARCOR;;14365;;;sin-match
;ALF. COFLER MOUSSE x40g;ARCOR;;14364;;;sin-match
;ALF. MINI BON O BON x6u;ARCOR;;12976;;;sin-match
;ALF. MINI TOFI GLASE 6x22g.;ARCOR;;11665;;;sin-match
;ALF. MINI TOFI NEGRO 6x22g;ARCOR;;11664;;;sin-match
;ALF. MINI TORTA AGUILA x69g;ARCOR;;13358;;;sin-match
;ALF. TATIN BCO x33g;ARCOR;;3313;;;sin-match
;ALF. TATIN NEGRO x33grs;ARCOR;;3312;;;sin-match
;ALF. TOFI 3 BCO x73g;ARCOR;;9537;;;sin-match
;ALF. TOFI 3 NEGRO x73g;ARCOR;;4848;;;sin-match
;ALF. TOFI GLASE x44g.;ARCOR;;11663;;;sin-match
;ALF. TOFI NEGRO x46g.;ARCOR;;11661;;;sin-match
;ALF.COFLER BLOCK 6x40g;ARCOR;;14363;;;sin-match
;ALF.MINI TORTA BLANCO x69g;ARCOR;;13357;;;sin-match
;ALF.MINI TORTA BWNIE x71G;ARCOR;;13359;;;sin-match
;ALF.MINI TORTA COCO x70g.;ARCOR;;13360;;;sin-match
;ALF.TATIN TRIPLE BCO.x60g.;ARCOR;;4053;;;sin-match
;ALF.TATIN TRIPLE NEGRO x60g.;ARCOR;;4056;;;sin-match
;ALFAJOR AGUILA DORADO x50g.;ARCOR;;15147;;;sin-match
;ARCOA x180G.;ARCOR;;13187;;;sin-match
;ARCOA x360G.;ARCOR;;13188;;;sin-match
;ARCOR MILK AGRUP X4;ARCOR;;13346;;;sin-match
7790580130022;ARCOR TRES CREMAS 8U X 1 Kg.;ARCOR;HELADOS;1013020;1013020;ARCOR TRES CREMAS 8U X 1 Kg.;arcor-catalog
7790580982102;ARVEJAS ARCOR 24 X 300 Gr.;ARCOR;ALIMENTOS;1009821;1009821;ARVEJAS ARCOR 24 X 300 Gr.;arcor-catalog
;ARVEJAS SECAS REMOJADAS x300g;ARCOR;;13239;;;sin-match
;AVE MARIA ARCOR x500g;ARCOR;;14463;;;sin-match
7790580127534;AZUCAR COMUN TIPO A 10X1K;ARCOR;AGROINDUSTRIA;12753;1012753;AZÚCAR COMÚN TIPO A 10 X 1 Kg.;alta
7790580127541;AZUCAR MASCABO X500G;ARCOR;AGROINDUSTRIA;12754;1012754;AZÚCAR MASCABO 500 Gr.;alta
7790580127534;AZÚCAR COMÚN TIPO A 10 X 1 Kg.;ARCOR;AGROINDUSTRIA;1012753;1012753;AZÚCAR COMÚN TIPO A 10 X 1 Kg.;arcor-catalog
7790580127541;AZÚCAR MASCABO 500 Gr.;ARCOR;AGROINDUSTRIA;1012754;1012754;AZÚCAR MASCABO 500 Gr.;arcor-catalog
;B.TOFFEES CHOC x80g.;ARCOR;;15210;;;sin-match
;B.TOFFEES LECHE x80g.;ARCOR;;15209;;;sin-match
;B.TOFFEES STDO. x80g.;ARCOR;;15211;;;sin-match
;BARRA CEREAL FRUT. SECOS x4u.;ARCOR;;15174;;;sin-match
;BARRA CEREAL MIX P.CHOCO x4u.;ARCOR;;15175;;;sin-match
;BARRA CHOCOLINAS X40G;ARCOR;;13337;;;sin-match
;BARRA CMIX ORIGINAL X 6U.;ARCOR;;14635;;;sin-match
;BARRA CMIX YOG/FRU. X6U;ARCOR;;14636;;;sin-match
;BARRA COFL MANI X40G;ARCOR;;13339;;;sin-match
;BARRA COFLER BLOCK x45g.;ARCOR;;14450;;;sin-match
7790580124168;BARRA DE ARROZ ARCOR 6 X 20 X 16 Gr.;ARCOR;CHOCOLATES;1012416;1012416;BARRA DE ARROZ ARCOR 6 X 20 X 16 Gr.;arcor-catalog
;BARRA NBREAK CHOCOLATE x38g;ARCOR;;14669;;;sin-match
;BARRA NBREAK FRUTOS SECOS x33g;ARCOR;;14668;;;sin-match
;BARRA RAPTOR CACAO x45g;ARCOR;;12869;;;sin-match
;BARRA RAPTOR COOK/CREAM x45g;ARCOR;;13864;;;sin-match
;BARRA RAPTOR MANI x45g;ARCOR;;13865;;;sin-match
;BARRA ROCKLETS x44g;ARCOR;;12907;;;sin-match
;BARRA SIMPLE CHOCOLATE x30g;ARCOR;;13343;;;sin-match
;BARRA SIMPLE COOKIES x45g;ARCOR;;13862;;;sin-match
;BARRA SIMPLE LIMON x30g;ARCOR;;13344;;;sin-match
;BARRA SIMPLE MANI x45g;ARCOR;;13863;;;sin-match
;BARRA SIMPLE SURTIDO;ARCOR;;14010;;;sin-match
7790580124304;BARRAS COOKIES & CREAM 6 X 16 X 45 Gr.;ARCOR;NUTRICIÓN;1012580;1012580;BARRAS COOKIES & CREAM 6 X 16 X 45 Gr.;arcor-catalog
7790580126759;BARRAS ORIGINAL 6 X 16 X 45 Gr.;ARCOR;NUTRICIÓN;1012675;1012675;BARRAS ORIGINAL 6 X 16 X 45 Gr.;arcor-catalog
7790580315405;BARRITA AGUILA 24x14g.;ARCOR;CHOCOLATES;6408;1006408;CHOCOLATE TAZA AGUILA BARRITA AGUILA 24 X 24 X 14 Gr.;alta
7790580130282;BARRITA AGUILA SA. 40 U X 34 Gr.;ARCOR;HELADOS;1013028;1013028;BARRITA AGUILA SA. 40 U X 34 Gr.;arcor-catalog
7790580116019;BARRITA CACAO AGUILA 24x14gr;ARCOR;CHOCOLATES;11601;1011601;EXTRAFINO BARRITA AGUILA 60% CACAO 24 X 24 X 12 Gr.;alta
;BARRITA NARAN.AGUILA 24x14g.;ARCOR;;15024;;;sin-match
7790580118969;BARRITAS BAÑADAS BARRITA AGUILA 40 X 49 Cc.;ARCOR;HELADOS;1011896;1011896;BARRITAS BAÑADAS BARRITA AGUILA 40 X 49 Cc.;arcor-catalog
7790580504410;BATATA ESTUCHE x 500Gr.;ARCOR;ALIMENTOS;5044;1005044;DULCE BATATA ARCOR ESTUCHE 12 X 500 Gr.;alta
7790580173708;BATATA LATA C/CHOC.x5Kg.;ARCOR;ALIMENTOS;6747;1006747;DULCE BATATA ARCOR CON CHOCOLATE LATA 2 X 5 Kg.;alta
7790580502300;BATATA LATA x5 Kg.;ARCOR;ALIMENTOS;6815;1006815;DULCE BATATA ARCOR LATA 2 X 5 Kg.;alta
7790580504809;BATATA VAIN.C/CHOCOL.x500g.;ARCOR;ALIMENTOS;5048;1005048;DULCE BATATA ARCOR CON CHOCOLATE ESTUCHE 12 X 500 Gr.;alta
7790580501204;BATATA VAIN.CAJON x 5Kg.;ARCOR;ALIMENTOS;5012;1005012;DULCE BATATA ARCOR CAJÓN 5 Kg.;alta
7790580501105;BATATA c/CH.CAJON x 5Kg.;ARCOR;ALIMENTOS;5011;1005011;DULCE BATATA ARCOR CON CHOCOLATE CAJÓN 5 Kg.;alta
;BAÑO REPOST. BLANCO POUCH x150g.;ARCOR;;13333;;;sin-match
;BAÑO REPOST. CELESTE POUCH x150g.;ARCOR;;13436;;;sin-match
;BAÑO REPOST. LECHE POUCH x150g.;ARCOR;;13331;;;sin-match
;BAÑO REPOST. ROSA POUCH x150g;ARCOR;;13435;;;sin-match
;BAÑO REPOST. S/AMA POUCH x150g.;ARCOR;;13332;;;sin-match
7790580127725;BAÑOS DE REPOSTERÍA COLOR CELESTE SABOR VAINILLA 8 X 6 X 150 Gr.;ARCOR;CHOCOLATES;1012772;1012772;BAÑOS DE REPOSTERÍA COLOR CELESTE SABOR VAINILLA 8 X 6 X 150 Gr.;arcor-catalog
7790580125547;BAÑOS DE REPOSTERÍA COLOR ROSA SABOR FRUTILLA 8 X 6 X 150 Gr.;ARCOR;CHOCOLATES;1012554;1012554;BAÑOS DE REPOSTERÍA COLOR ROSA SABOR FRUTILLA 8 X 6 X 150 Gr.;arcor-catalog
;BC MERM FRUTOS ROJOS x390g.;ARCOR;;14897;;;sin-match
7790580626600;BIZCOCHUELOS GODET CHOCOLATE 12 X 480 Gr.;ARCOR;ALIMENTOS;1006266;1006266;BIZCOCHUELOS GODET CHOCOLATE 12 X 480 Gr.;arcor-catalog
7790580236519;BIZCOCHUELOS GODET MARMOLADO 12 X 500 Gr.;ARCOR;ALIMENTOS;1006265;1006265;BIZCOCHUELOS GODET MARMOLADO 12 X 500 Gr.;arcor-catalog
7790580626419;BIZCOCHUELOS GODET VAINILLA 12 X 480 Gr.;ARCOR;ALIMENTOS;1006264;1006264;BIZCOCHUELOS GODET VAINILLA 12 X 480 Gr.;arcor-catalog
7790580219000;BOC. CABSHA ACRILICOx18u.;ARCOR;CHOCOLATES;2190;1002190;BOCADITOS CABSHA BOCADITO CABSHA 48 X 18 X 10 Gr.;alta
;BOCADITO CABSHA 48u.x10Gr.;ARCOR;;2201;;;sin-match
7790580104207;BOCADITO HOLANDA x50u.;ARCOR;GOLOSINAS;1042;1001042;LECHE ARCOR HOLANDA 24 x 50 Gr.;alta
7790580107987;BOCADITOS AGUILA BOCADITO MENTA 24 X 15 X 14 Gr.;ARCOR;CHOCOLATES;1010798;1010798;BOCADITOS AGUILA BOCADITO MENTA 24 X 15 X 14 Gr.;arcor-catalog
7790580219000;BOCADITOS CABSHA BOCADITO CABSHA 48 X 18 X 10 Gr.;ARCOR;CHOCOLATES;1002190;1002190;BOCADITOS CABSHA BOCADITO CABSHA 48 X 18 X 10 Gr.;arcor-catalog
7790580106935;BOMBON DE FRUTA X 500gr;ARCOR;GOLOSINAS;10693;1010693;MOGUL GRANEL BOMBÓN DE FRUTA 12 x 500 Gr.;alta
;BOMBON DE FRUTA x80g.;ARCOR;;14872;;;sin-match
7790580722708;BOMBON TOFI LECHE 32x15Gr;ARCOR;CHOCOLATES;7227;1007227;BOMBONES TOFI TOFI LECHE 12 X 32 X 15 Gr.;alta
7790580105242;BOMBONES COFLER BLOCK 15 X 20 X 18 Gr.;ARCOR;CHOCOLATES;1010820;1010820;BOMBONES COFLER BLOCK 15 X 20 X 18 Gr.;arcor-catalog
7790580722708;BOMBONES TOFI TOFI LECHE 12 X 32 X 15 Gr.;ARCOR;CHOCOLATES;1007227;1007227;BOMBONES TOFI TOFI LECHE 12 X 32 X 15 Gr.;arcor-catalog
7790580111243;BOMBONES Y BOCADITOS BON O BON CITOS 12 X 180 Cc.;ARCOR;HELADOS;1011124;1011124;BOMBONES Y BOCADITOS BON O BON CITOS 12 X 180 Cc.;arcor-catalog
7790580108366;BOMBONES Y BOCADITOS COFLER CITOS AMERICANA 12 X 200 Cc.;ARCOR;HELADOS;1010836;1010836;BOMBONES Y BOCADITOS COFLER CITOS AMERICANA 12 X 200 Cc.;arcor-catalog
7790580109479;BOMBONES Y BOCADITOS COFLER CITOS DULCE DE LECHE 12 X 200 Cc.;ARCOR;HELADOS;1010947;1010947;BOMBONES Y BOCADITOS COFLER CITOS DULCE DE LECHE 12 X 200 Cc.;arcor-catalog
7790580102517;BON O BON AGUILA 16 X 18 X 15 Gr.;ARCOR;CHOCOLATES;1011921;1011921;BON O BON AGUILA 16 X 18 X 15 Gr.;arcor-catalog
7790580102517;BON O BON AGUILA x18u;ARCOR;CHOCOLATES;11921;1011921;BON O BON AGUILA 16 X 18 X 15 Gr.;alta
7790580119065;BON O BON BCO x 18u;ARCOR;CHOCOLATES;11906;1011906;BON O BON BLANCO 16 X 18 X 15 Gr.;alta
7790580119058;BON O BON BLANCO 12 X 30 X 15 Gr.;ARCOR;CHOCOLATES;1011905;1011905;BON O BON BLANCO 12 X 30 X 15 Gr.;arcor-catalog
7790580119065;BON O BON BLANCO 16 X 18 X 15 Gr.;ARCOR;CHOCOLATES;1011906;1011906;BON O BON BLANCO 16 X 18 X 15 Gr.;arcor-catalog
7790580119058;BON O BON BLANCO x 30u;ARCOR;CHOCOLATES;11905;1011905;BON O BON BLANCO 12 X 30 X 15 Gr.;alta
7790580117771;BON O BON CHOCOLINAS 16 X 18 X 15 Gr.;ARCOR;CHOCOLATES;1011777;1011777;BON O BON CHOCOLINAS 16 X 18 X 15 Gr.;arcor-catalog
7790580117771;BON O BON CHOCOLINAS x 18u;ARCOR;CHOCOLATES;11777;1011777;BON O BON CHOCOLINAS 16 X 18 X 15 Gr.;alta
;BON O BON COCO 18x15g;ARCOR;;14670;;;sin-match
7790580119157;BON O BON LECH x 18u;ARCOR;CHOCOLATES;11915;1011915;BON O BON LECHE 16 X 18 X 15 Gr.;alta
7790580119133;BON O BON LECHE 12 X 30 X 15 Gr.;ARCOR;CHOCOLATES;1011913;1011913;BON O BON LECHE 12 X 30 X 15 Gr.;arcor-catalog
7790580119157;BON O BON LECHE 16 X 18 X 15 Gr.;ARCOR;CHOCOLATES;1011915;1011915;BON O BON LECHE 16 X 18 X 15 Gr.;arcor-catalog
7790580119164;BON O BON LECHE 24 X 7 X 15 Gr.;ARCOR;CHOCOLATES;1011916;1011916;BON O BON LECHE 24 X 7 X 15 Gr.;arcor-catalog
7790580119164;BON O BON LECHE X7U;ARCOR;CHOCOLATES;11916;1011916;BON O BON LECHE 24 X 7 X 15 Gr.;alta
7790580119133;BON O BON LECHE x30u;ARCOR;CHOCOLATES;11913;1011913;BON O BON LECHE 12 X 30 X 15 Gr.;alta
7790580119126;BON O BON SURTIDO 24 X 272 Gr.;ARCOR;CHOCOLATES;1011912;1011912;BON O BON SURTIDO 24 X 272 Gr.;arcor-catalog
7790580119126;BON O BON SURTIDO X17U;ARCOR;CHOCOLATES;11912;1011912;BON O BON SURTIDO 24 X 272 Gr.;alta
;BROWNIE ARCOR S/TACC x425g;ARCOR;;13796;;;sin-match
7790580118853;BUTTER BON O BON x822g;ARCOR;GOLOSINAS;11885;1011885;COLADOS LECHE ARCOR BON O BON 6 x 822 Gr.;alta
7790580118426;BUTTER CREAM x 810gr;ARCOR;GOLOSINAS;11842;1011842;COLADOS DUROS ARCOR BUTTER N CREAM 6 x 810 Gr.;alta
;BUTTER CREAM x675g.;ARCOR;;14720;;;sin-match
;BUTTER DURO DL/RELLE CHOC x810g;ARCOR;;14736;;;sin-match
7790580118860;BUTTER MINT. X822G;ARCOR;GOLOSINAS;11886;1011886;COLADOS LECHE ARCOR CHOKKO MINT 6 x 822 Gr.;alta
;BUTTER POTE AUTO x100g;ARCOR;;13414;;;sin-match
7790580118839;BUTTER TOFF CHOC BLANCO x 822gr;ARCOR;GOLOSINAS;11883;1011883;COLADOS LECHE ARCOR CHOCOLATE BLANCO 6 x 822 Gr.;alta
7790580118785;BUTTER TOFF CHOCOLATE X 822gr;ARCOR;GOLOSINAS;11878;1011878;COLADOS LECHE ARCOR CHOCOLATE 6 x 822 Gr.;alta
;BUTTER TOFFEES AVELLANAS x648g;ARCOR;;13409;;;sin-match
7790580118587;BUTTER TOFFEES CAFE x820g;ARCOR;GOLOSINAS;11858;1011858;COLADOS LECHE ARCOR CAFÉ 6 x 822 Gr.;alta
7790580118877;BUTTER TOFFEES D LECHE x 822g;ARCOR;GOLOSINAS;11887;1011887;COLADOS LECHE ARCOR DULCE DE LECHE 6 x 822 Gr.;alta
;BUTTER TOFFEES DDL x810g;ARCOR;;13902;;;sin-match
7790580118570;BUTTER TOFFEES LECHE x825g;ARCOR;GOLOSINAS;11857;1011857;COLADOS LECHE ARCOR LECHE 6 x 825 Gr.;alta
7790580118846;BUTTER TOFFES AGUILAx822g.;ARCOR;GOLOSINAS;11884;1011884;COLADOS LECHE ARCOR AGUILA 6 x 822 Gr.;alta
;CABSHA AVELLANA 24x10Gr.;ARCOR;;14349;;;sin-match
;CABSHA MARROC 24x10g;ARCOR;;13215;;;sin-match
7790580402907;CACAO EN POLVO ARCOR ARCOA 20 X 360 Gr.;ARCOR;ALIMENTOS;1004029;1004029;CACAO EN POLVO ARCOR ARCOA 20 X 360 Gr.;arcor-catalog
7790580402808;CACAO EN POLVO ARCOR ARCOA 32 X 180 Gr.;ARCOR;ALIMENTOS;1004028;1004028;CACAO EN POLVO ARCOR ARCOA 32 X 180 Gr.;arcor-catalog
7790580128524;CAR. ARCOR CHERRY x 800gr;ARCOR;GOLOSINAS;12852;1012852;COLADOS DUROS ARCOR CHERRY 10 x 800 Gr.;alta
7790580344207;CAR. BASTON VIENA x 470 Gr.;ARCOR;GOLOSINAS;3442;1003442;RELLENOS ARCOR BASTÓN VIENA 12 x 470 Gr.;alta
;CAR. BC SURTIDO x420g;ARCOR;;13110;;;sin-match
7790580102869;CAR. CRISTAL MIX X810G;ARCOR;GOLOSINAS;11860;1011860;COLADOS DUROS ARCOR MIX CRISTALES 6 x 810 Gr.;alta
7790580118358;CAR. FRESH CRISTAL x405g.;ARCOR;GOLOSINAS;11835;1011835;COLADOS DUROS ARCOR FRESH CRISTAL 12 x 405 Gr.;alta
;CAR. GAJITOS SURTIDO x84g.;ARCOR;;15219;;;sin-match
7790580470906;CAR. GAJITOS x485g.;ARCOR;GOLOSINAS;10885;1010885;DUROS ARCOR GAJITOS 12 x 485 Gr.;alta
7790580118273;CAR. MENTA CHOCOLATE x715g;ARCOR;GOLOSINAS;11827;1011827;RELLENOS ARCOR MENTA CHOCOLATE 6 x 715 Gr.;alta
7790580118341;CAR. MENTA CRISTAL x810g.;ARCOR;GOLOSINAS;11834;1011834;COLADOS DUROS ARCOR MENTA CRISTAL 6 x 810 Gr.;alta
;CAR. MENTA CRISTAL x81g.;ARCOR;;15217;;;sin-match
;CAR. MOGUL JELLY BEANS x80g.;ARCOR;;15173;;;sin-match
7790580118297;CAR. RELL MIEL+MTA x335gr;ARCOR;GOLOSINAS;11829;1011829;RELLENOS ARCOR RELLENO MIEL + MENTA 12 x 335 Gr.;alta
7790580118280;CAR. RELLENO MIEL x 675g;ARCOR;GOLOSINAS;11828;1011828;RELLENOS ARCOR RELLENOS MIEL 6 x 675 Gr.;alta
7790580296506;CAR. RODAJAS CRAZY X465G;ARCOR;GOLOSINAS;2965;1002965;DUROS ARCOR RODAJAS CRAZY 12 x 465 Gr.;alta
7790580214104;CAR. RODAJAS SURT x930G;ARCOR;GOLOSINAS;2141;1002141;DUROS ARCOR RODAJAS 6 x 930 Gr.;alta
7790580471309;CAR. SAQ. DE FRUTA x 810 Gr.;ARCOR;GOLOSINAS;4713;1004713;RELLENOS ARCOR RELLENOS FRUTALES 6 x 810 Gr.;alta
;CARAMELO VITACAL 60x8g;ARCOR;;14082;;;sin-match
7790580607401;CELOFAN BCO.x25Gr.;ARCOR;CHOCOLATES;6074;1006074;CHOCOLATE 25 GR. ARCOR BLANCO 12 X 30 X 25 Gr.;alta
7790580120399;CELOFAN CACAO 50% X25GR;ARCOR;CHOCOLATES;12039;1012039;CHOCOLATE 25 GR. ARCOR 50% CACAO 12 X 30 X 25 Gr.;alta
7790580607203;CELOFAN LECHE x25Gr.;ARCOR;CHOCOLATES;6072;1006072;CHOCOLATE 25 GR. ARCOR LECHE 12 X 30 X 25 Gr.;alta
7790580125769;CELOFAN MANI x 25g;ARCOR;CHOCOLATES;12576;1012576;CHOCOLATE 25 GR. ARCOR LECHE CON MANÍ 12 X 30 X 25 Gr.;alta
;CEREAL MIX FRUT/CHOC x28g;ARCOR;;13364;;;sin-match
;CEREAL MIX LIGHT MANZ.x23Gr.;ARCOR;;3792;;;sin-match
;CEREAL MIX LIGHT YOG/FRUT x28g;ARCOR;;12625;;;sin-match
;CEREAL MIX ORIG.x23g.;ARCOR;;3786;;;sin-match
;CEREAL MIX PASION.CHOC x23g;ARCOR;;1002;;;sin-match
;CEREAL MIX PLACERES CHOC.x23;ARCOR;;3789;;;sin-match
;CEREAL MIX SNACK CACAO x100g;ARCOR;;14092;;;sin-match
;CEREAL MIX SNACK ORIGINAL x100g;ARCOR;;14091;;;sin-match
;CEREAL MIX YOGURT/FRUT x28g;ARCOR;;12626;;;sin-match
;CEREALMIX RELL. FLLA. x32g.;ARCOR;;2582;;;sin-match
7790580124304;CEREALMIX RELL. MANZANA x32g.;ARCOR;NUTRICIÓN;2580;1012580;BARRAS COOKIES & CREAM 6 X 16 X 45 Gr.;alta
7790580128371;CHIC POOSH FRUTILLA x250g;ARCOR;GOLOSINAS;12837;1012837;CHICLE RELLENO ARCOR FRUTILLA 18 x 250 Gr.;alta
;CHIC POOSH FRUTIS x202G;ARCOR;;13004;;;sin-match
;CHIC POOSH FRUTIS x500gr;ARCOR;;13584;;;sin-match
7790580128357;CHIC POOSH TUTTI FRUTTI x 250g;ARCOR;GOLOSINAS;12835;1012835;CHICLE RELLENO ARCOR TUTTI FRUTTI 18 x 250 Gr.;alta
7790580128371;CHICLE RELLENO ARCOR FRUTILLA 18 x 250 Gr.;ARCOR;GOLOSINAS;1012837;1012837;CHICLE RELLENO ARCOR FRUTILLA 18 x 250 Gr.;arcor-catalog
7790580128357;CHICLE RELLENO ARCOR TUTTI FRUTTI 18 x 250 Gr.;ARCOR;GOLOSINAS;1012835;1012835;CHICLE RELLENO ARCOR TUTTI FRUTTI 18 x 250 Gr.;arcor-catalog
;CHOC ARCOR MILK 20x12g;ARCOR;;13345;;;sin-match
7790580110024;CHOC EXTRA FINO 60% CACAO x 150gr;ARCOR;CHOCOLATES;12902;1012902;EXTRAFINO AGUILA 60% CACAO 4 X 15 X 150 Gr.;alta
;CHOC. ARCOR 50% CACAO X80g.;ARCOR;;15061;;;sin-match
;CHOC. ARCOR BCO/LECHx95g;ARCOR;;13466;;;sin-match
;CHOC. ARCOR BLANCO MANI x80g.;ARCOR;;15059;;;sin-match
;CHOC. ARCOR BLANCO x95g;ARCOR;;13465;;;sin-match
;CHOC. ARCOR BLCO/LECHE x80g.;ARCOR;;15060;;;sin-match
;CHOC. ARCOR CRISPY x80g.;ARCOR;;15130;;;sin-match
;CHOC. ARCOR LECHE MANI x80g.;ARCOR;;15058;;;sin-match
;CHOC. ARCOR LECHE/MANI x95g;ARCOR;;13464;;;sin-match
;CHOC. ARCOR SEMIAMARGO x95gr;ARCOR;;13467;;;sin-match
;CHOC.AGUILA BCO.x 100Gr.;ARCOR;;3107;;;sin-match
;CHOC.AGUILA FLIAR.x150g.;ARCOR;;12901;;;sin-match
;CHOCLO AMAR. ENTERO ARCOR x 300g;ARCOR;;14898;;;sin-match
;CHOCLO CREMOSO ARCOR x 300g;ARCOR;;9808;;;sin-match
;CHOCO MANI x520g;ARCOR;;13648;;;sin-match
7790580005825;CHOCOL.TAZA AGUILA x225g.;ARCOR;CHOCOLATES;10582;1010582;CHOCOLATE TAZA AGUILA CHOCOLATE TAZA 6 X 12 X 225 Gr.;alta
7790580120399;CHOCOLATE 25 GR. ARCOR 50% CACAO 12 X 30 X 25 Gr.;ARCOR;CHOCOLATES;1012039;1012039;CHOCOLATE 25 GR. ARCOR 50% CACAO 12 X 30 X 25 Gr.;arcor-catalog
7790580607401;CHOCOLATE 25 GR. ARCOR BLANCO 12 X 30 X 25 Gr.;ARCOR;CHOCOLATES;1006074;1006074;CHOCOLATE 25 GR. ARCOR BLANCO 12 X 30 X 25 Gr.;arcor-catalog
7790580607203;CHOCOLATE 25 GR. ARCOR LECHE 12 X 30 X 25 Gr.;ARCOR;CHOCOLATES;1006072;1006072;CHOCOLATE 25 GR. ARCOR LECHE 12 X 30 X 25 Gr.;arcor-catalog
7790580125769;CHOCOLATE 25 GR. ARCOR LECHE CON MANÍ 12 X 30 X 25 Gr.;ARCOR;CHOCOLATES;1012576;1012576;CHOCOLATE 25 GR. ARCOR LECHE CON MANÍ 12 X 30 X 25 Gr.;arcor-catalog
7790580585617;CHOCOLATE 8 GR. ARCOR BLANCO 20 X 40 X 8 Gr.;ARCOR;CHOCOLATES;1005856;1005856;CHOCOLATE 8 GR. ARCOR BLANCO 20 X 40 X 8 Gr.;arcor-catalog
7790580585716;CHOCOLATE 8 GR. ARCOR LECHE 20 X 40 X 8 Gr.;ARCOR;CHOCOLATES;1005857;1005857;CHOCOLATE 8 GR. ARCOR LECHE 20 X 40 X 8 Gr.;arcor-catalog
7790580126292;CHOCOLATE AGUILA EXTRAFINO AGUILA 70% CACAO 4 X 15 X 150 Gr.;ARCOR;CHOCOLATES;1012903;1012903;CHOCOLATE AGUILA EXTRAFINO AGUILA 70% CACAO 4 X 15 X 150 Gr.;arcor-catalog
7790580315405;CHOCOLATE TAZA AGUILA BARRITA AGUILA 24 X 24 X 14 Gr.;ARCOR;CHOCOLATES;1006408;1006408;CHOCOLATE TAZA AGUILA BARRITA AGUILA 24 X 24 X 14 Gr.;arcor-catalog
7790580005825;CHOCOLATE TAZA AGUILA CHOCOLATE TAZA 6 X 12 X 225 Gr.;ARCOR;CHOCOLATES;1010582;1010582;CHOCOLATE TAZA AGUILA CHOCOLATE TAZA 6 X 12 X 225 Gr.;arcor-catalog
;CHOCOLATE TAZA ARCOR x100g;ARCOR;;14676;;;sin-match
7790580322205;CHOCOLATE TAZA GODET CHOCOLATE TAZA 4 X 15 X 100 Gr.;ARCOR;CHOCOLATES;1003222;1003222;CHOCOLATE TAZA GODET CHOCOLATE TAZA 4 X 15 X 100 Gr.;arcor-catalog
7790580746407;CHOCOLATE TOFI TOFI BLANCO 12 X 25 X 27 Gr.;ARCOR;CHOCOLATES;1007464;1007464;CHOCOLATE TOFI TOFI BLANCO 12 X 25 X 27 Gr.;arcor-catalog
7790580746704;CHOCOLATE TOFI TOFI BLANCO 8 X 15 X 55 Gr.;ARCOR;CHOCOLATES;1007467;1007467;CHOCOLATE TOFI TOFI BLANCO 8 X 15 X 55 Gr.;arcor-catalog
7790580746308;CHOCOLATE TOFI TOFI LECHE 12 X 25 X 28 Gr.;ARCOR;CHOCOLATES;1007463;1007463;CHOCOLATE TOFI TOFI LECHE 12 X 25 X 28 Gr.;arcor-catalog
7790580746605;CHOCOLATE TOFI TOFI LECHE 8 X 15 X 55 Gr.;ARCOR;CHOCOLATES;1007466;1007466;CHOCOLATE TOFI TOFI LECHE 8 X 15 X 55 Gr.;arcor-catalog
;CHOCOLATIN BCO ARCOR 20x8g;ARCOR;;13069;;;sin-match
;CHOCOLATIN LEC. ARCOR 20x8g;ARCOR;;13068;;;sin-match
;CHOCOLINAS BLANCO x170g.;ARCOR;;14885;;;sin-match
;CHOCOLINAS NEGRO x181g.;ARCOR;;14886;;;sin-match
7790580119560;CHOCOLITO AGUILA BCO x150g;ARCOR;CHOCOLATES;11956;1011956;CHOCOLITOS AGUILA CHOCOLITOS BLANCO 24 X 150 Gr.;alta
;CHOCOLITO AGUILA NGRO x150g;ARCOR;;8794;;;sin-match
7790580119560;CHOCOLITOS AGUILA CHOCOLITOS BLANCO 24 X 150 Gr.;ARCOR;CHOCOLATES;1011956;1011956;CHOCOLITOS AGUILA CHOCOLITOS BLANCO 24 X 150 Gr.;arcor-catalog
7790580252809;CHUP.MR. POPS FRUTAL x50 u.;ARCOR;GOLOSINAS;2528;1002528;CHUPETÍN ESFÉRICO ARCOR FRUTAL 12 x 50 Un.;alta
7790580739003;CHUP.TROMPITO x50u.;ARCOR;GOLOSINAS;7390;1007390;CHUPETÍN ESFÉRICO ARCOR TROMPITO 12 x 50 Un.;alta
7790580252809;CHUPETÍN ESFÉRICO ARCOR FRUTAL 12 x 50 Un.;ARCOR;GOLOSINAS;1002528;1002528;CHUPETÍN ESFÉRICO ARCOR FRUTAL 12 x 50 Un.;arcor-catalog
7790580252908;CHUPETÍN ESFÉRICO ARCOR FRUTAL 24 x 10 Un.;ARCOR;GOLOSINAS;1002529;1002529;CHUPETÍN ESFÉRICO ARCOR FRUTAL 24 x 10 Un.;arcor-catalog
7790580739003;CHUPETÍN ESFÉRICO ARCOR TROMPITO 12 x 50 Un.;ARCOR;GOLOSINAS;1007390;1007390;CHUPETÍN ESFÉRICO ARCOR TROMPITO 12 x 50 Un.;arcor-catalog
;COCODRILOS DE POPCORN x145g;ARCOR;;14252;;;sin-match
;CODITOS ARCOR x500g.;ARCOR;;14234;;;sin-match
7790580105990;COFLER 3 PLACERES X 55gr;ARCOR;CHOCOLATES;10770;1010770;COFLER MACIZO TRES PLACERES 12 X 10 X 55 Gr.;alta
;COFLER 50% CACAO x55G;ARCOR;;13134;;;sin-match
;COFLER 60% ALMENDRAS x100g;ARCOR;;14402;;;sin-match
;COFLER 60% CREMOSO x100g;ARCOR;;14175;;;sin-match
;COFLER 60% NARANJA x100g;ARCOR;;14177;;;sin-match
7790580126230;COFLER AGUILA SEMIA. 16 X 63 Gr. (80 Cc.);ARCOR;HELADOS;1012623;1012623;COFLER AGUILA SEMIA. 16 X 63 Gr. (80 Cc.);arcor-catalog
7790580003470;COFLER AIRE ALMENDRA X 100gr;ARCOR;CHOCOLATES;10347;1010347;COFLER AIREADO ALMENDRAS 4 X 12 X 100 Gr.;alta
7790580003432;COFLER AIRE ALMENDRA x55g.;ARCOR;CHOCOLATES;10343;1010343;COFLER AIREADO ALMENDRAS 8 X 10 X 55 Gr.;alta
7790580003425;COFLER AIRE BCO/LECH.x55g.;ARCOR;CHOCOLATES;10342;1010342;COFLER AIREADO MIXTO 8 X 10 X 55 Gr.;alta
7790580003388;COFLER AIRE BLAN/LECHE X 27g;ARCOR;CHOCOLATES;10338;1010338;COFLER AIREADO MIXTO 8 X 20 X 27 Gr.;alta
7790580003371;COFLER AIRE BLANCO  X 27gr;ARCOR;CHOCOLATES;10337;1010337;COFLER AIREADO BLANCO 8 X 20 X 27 Gr.;alta
7790580003456;COFLER AIRE BLANCO X 100gr;ARCOR;CHOCOLATES;10345;1010345;COFLER AIREADO BLANCO 4 X 12 X 100 Gr.;alta
7790580003463;COFLER AIRE BLANCO/LECHE X 100gr;ARCOR;CHOCOLATES;10346;1010346;COFLER AIREADO MIXTO 4 X 12 X 100 Gr.;alta
7790580003418;COFLER AIRE BLANCOx55g.;ARCOR;CHOCOLATES;10341;1010341;COFLER AIREADO BLANCO 8 X 10 X 55 Gr.;alta
7790580127152;COFLER AIRE BON O BON x 30g;ARCOR;CHOCOLATES;12921;1012921;TABLETAS COFLER AIREADO RELLENO BON O BON 8 X 20 X 30 Gr.;alta
7790580115869;COFLER AIRE BONoBONx67g.;ARCOR;CHOCOLATES;11586;1011586;COFLER AIREADO BON O BON 8 X 10 X 67 Gr.;alta
7790580003364;COFLER AIRE LECHE  X 27g;ARCOR;CHOCOLATES;10336;1010336;COFLER AIREADO LECHE 8 X 20 X 27 Gr.;alta
7790580043407;COFLER AIRE LECHE X55gr;ARCOR;CHOCOLATES;10340;1010340;COFLER AIREADO LECHE 8 X 10 X 55 Gr.;alta
7790580003449;COFLER AIRE LECHE x100g.;ARCOR;CHOCOLATES;10344;1010344;COFLER AIREADO LECHE 4 X 12 X 100 Gr.;alta
7790580115845;COFLER AIRE TOFIx70g..;ARCOR;CHOCOLATES;11584;1011584;COFLER AIREADO TOFI 8 X 10 X 70 Gr.;alta
7790580003470;COFLER AIREADO ALMENDRAS 4 X 12 X 100 Gr.;ARCOR;CHOCOLATES;1010347;1010347;COFLER AIREADO ALMENDRAS 4 X 12 X 100 Gr.;arcor-catalog
7790580003432;COFLER AIREADO ALMENDRAS 8 X 10 X 55 Gr.;ARCOR;CHOCOLATES;1010343;1010343;COFLER AIREADO ALMENDRAS 8 X 10 X 55 Gr.;arcor-catalog
7790580003395;COFLER AIREADO ALMENDRAS 8 X 20 X 27 Gr.;ARCOR;CHOCOLATES;1010339;1010339;COFLER AIREADO ALMENDRAS 8 X 20 X 27 Gr.;arcor-catalog
7790580003456;COFLER AIREADO BLANCO 4 X 12 X 100 Gr.;ARCOR;CHOCOLATES;1010345;1010345;COFLER AIREADO BLANCO 4 X 12 X 100 Gr.;arcor-catalog
7790580003418;COFLER AIREADO BLANCO 8 X 10 X 55 Gr.;ARCOR;CHOCOLATES;1010341;1010341;COFLER AIREADO BLANCO 8 X 10 X 55 Gr.;arcor-catalog
7790580003371;COFLER AIREADO BLANCO 8 X 20 X 27 Gr.;ARCOR;CHOCOLATES;1010337;1010337;COFLER AIREADO BLANCO 8 X 20 X 27 Gr.;arcor-catalog
7790580115869;COFLER AIREADO BON O BON 8 X 10 X 67 Gr.;ARCOR;CHOCOLATES;1011586;1011586;COFLER AIREADO BON O BON 8 X 10 X 67 Gr.;arcor-catalog
7790580003449;COFLER AIREADO LECHE 4 X 12 X 100 Gr.;ARCOR;CHOCOLATES;1010344;1010344;COFLER AIREADO LECHE 4 X 12 X 100 Gr.;arcor-catalog
7790580043407;COFLER AIREADO LECHE 8 X 10 X 55 Gr.;ARCOR;CHOCOLATES;1010340;1010340;COFLER AIREADO LECHE 8 X 10 X 55 Gr.;arcor-catalog
7790580003364;COFLER AIREADO LECHE 8 X 20 X 27 Gr.;ARCOR;CHOCOLATES;1010336;1010336;COFLER AIREADO LECHE 8 X 20 X 27 Gr.;arcor-catalog
7790580003463;COFLER AIREADO MIXTO 4 X 12 X 100 Gr.;ARCOR;CHOCOLATES;1010346;1010346;COFLER AIREADO MIXTO 4 X 12 X 100 Gr.;arcor-catalog
7790580003425;COFLER AIREADO MIXTO 8 X 10 X 55 Gr.;ARCOR;CHOCOLATES;1010342;1010342;COFLER AIREADO MIXTO 8 X 10 X 55 Gr.;arcor-catalog
7790580003388;COFLER AIREADO MIXTO 8 X 20 X 27 Gr.;ARCOR;CHOCOLATES;1010338;1010338;COFLER AIREADO MIXTO 8 X 20 X 27 Gr.;arcor-catalog
7790580115845;COFLER AIREADO TOFI 8 X 10 X 70 Gr.;ARCOR;CHOCOLATES;1011584;1011584;COFLER AIREADO TOFI 8 X 10 X 70 Gr.;arcor-catalog
7790580128999;COFLER ALMENDRAS x  140gr;ARCOR;CHOCOLATES;12899;1012899;COFLER MACIZO ALMENDRAS 36 x 140 Gr.;alta
;COFLER AVELLANA x140g.;ARCOR;;14400;;;sin-match
;COFLER BLOCK 16UNx16g;ARCOR;;13056;;;sin-match
7790580123994;COFLER BLOCK ALFA BLOCK 8 X 20 X 40 Gr.;ARCOR;CHOCOLATES;1012399;1012399;COFLER BLOCK ALFA BLOCK 8 X 20 X 40 Gr.;arcor-catalog
;COFLER BLOCK BCO/LECH x170g;ARCOR;;13311;;;sin-match
7790580103743;COFLER BLOCK LECHE CON MANÍ 24 X 300 Gr.;ARCOR;CHOCOLATES;1010374;1010374;COFLER BLOCK LECHE CON MANÍ 24 X 300 Gr.;arcor-catalog
7790580108519;COFLER BLOCK LECHE CON MANÍ 64 X 170 Gr.;ARCOR;CHOCOLATES;1013017;1013017;COFLER BLOCK LECHE CON MANÍ 64 X 170 Gr.;arcor-catalog
7790580115579;COFLER BLOCK LECHE CON MANÍ 8 X 1 Kg.;ARCOR;CHOCOLATES;1011587;1011587;COFLER BLOCK LECHE CON MANÍ 8 X 1 Kg.;arcor-catalog
7790580110031;COFLER BLOCK LECHE CON MANÍ 8 X 12 X 110 Gr.;ARCOR;CHOCOLATES;1011283;1011283;COFLER BLOCK LECHE CON MANÍ 8 X 12 X 110 Gr.;arcor-catalog
7790580531201;COFLER BLOCK LECHE CON MANÍ 8 X 20 X 38 Gr.;ARCOR;CHOCOLATES;1005312;1005312;COFLER BLOCK LECHE CON MANÍ 8 X 20 X 38 Gr.;arcor-catalog
;COFLER BLOCK MANI BLANCO x38g.;ARCOR;;13709;;;sin-match
7790580103743;COFLER BLOCK MANI x300gr;ARCOR;CHOCOLATES;10374;1010374;COFLER BLOCK LECHE CON MANÍ 24 X 300 Gr.;alta
7790580531201;COFLER BLOCK MANIx38g.;ARCOR;CHOCOLATES;5312;1005312;COFLER BLOCK LECHE CON MANÍ 8 X 20 X 38 Gr.;alta
7790580108519;COFLER BLOCK X 170gr;ARCOR;CHOCOLATES;13017;1013017;COFLER BLOCK LECHE CON MANÍ 64 X 170 Gr.;alta
7790580110031;COFLER BLOCK x 110gr;ARCOR;CHOCOLATES;11283;1011283;COFLER BLOCK LECHE CON MANÍ 8 X 12 X 110 Gr.;alta
7790580115579;COFLER BLOCKAZO x1KG.;ARCOR;CHOCOLATES;11587;1011587;COFLER BLOCK LECHE CON MANÍ 8 X 1 Kg.;alta
7790580128982;COFLER CHOCOLINA  BCO x 140gr;ARCOR;CHOCOLATES;12898;1012898;COFLER MACIZO CHOCOLINAS 36 x 140 Gr.;alta
7790580003531;COFLER CHOCOLINA x55g;ARCOR;CHOCOLATES;10353;1010353;COFLER MACIZO CHOCOLINAS 12 X 10 X 55 Gr.;alta
7790580105655;COFLER CHOCOLINAS BLANCO X 100gr;ARCOR;CHOCOLATES;10771;1010771;COFLER MACIZO CHOCOLINAS 4 X 16 X 100 Gr.;alta
;COFLER CUPS MANI 16x17g.;ARCOR;;14473;;;sin-match
;COFLER CUPS SPLIT 16x17g.;ARCOR;;14675;;;sin-match
;COFLER DDL X38G;ARCOR;;13310;;;sin-match
;COFLER ESTILO DUBAI 20x45g;ARCOR;;16650;;;sin-match
7790580120559;COFLER EXTRA BARRA COFLER CHOCOLINAS 6 X 20 X 30 Gr.;ARCOR;CHOCOLATES;1012055;1012055;COFLER EXTRA BARRA COFLER CHOCOLINAS 6 X 20 X 30 Gr.;arcor-catalog
7790580115692;COFLER EXTRA BARRA COFLER EXTRA BON O BON 6 X 20 X 35 Gr.;ARCOR;CHOCOLATES;1011569;1011569;COFLER EXTRA BARRA COFLER EXTRA BON O BON 6 X 20 X 35 Gr.;arcor-catalog
7790580103835;COFLER EXTRA BARRA COFLER EXTRA COCO 6 X 20 X 32 Gr.;ARCOR;CHOCOLATES;1010383;1010383;COFLER EXTRA BARRA COFLER EXTRA COCO 6 X 20 X 32 Gr.;arcor-catalog
7790580955106;COFLER EXTRA BARRA COFLER EXTRA MENTA 6 X 20 X 30 Gr.;ARCOR;CHOCOLATES;1009551;1009551;COFLER EXTRA BARRA COFLER EXTRA MENTA 6 X 20 X 30 Gr.;arcor-catalog
7790580619602;COFLER EXTRA MARROC;ARCOR;CHOCOLATES;1006196;1006196;COFLER EXTRA MARROC;arcor-catalog
7790580124069;COFLER GRAFFITI 45g;ARCOR;CHOCOLATES;12553;1012553;OBLEA COFLER GRAFFITI CLÁSICO 16 X 12 X 45 Gr.;alta
7790580124045;COFLER GRAFFITI BCO x45g;ARCOR;CHOCOLATES;12404;1012404;OBLEA COFLER GRAFFITI BLANCO 16 X 12 X 45 Gr.;alta
7790580043506;COFLER LEC/ALME x55g;ARCOR;CHOCOLATES;10350;1010350;COFLER MACIZO ALMENDRAS 12 X 10 X 55 Gr.;alta
7790580003579;COFLER LECHE X 100gr;ARCOR;CHOCOLATES;10357;1010357;COFLER MACIZO LECHE 4 X 16 X 100 Gr.;alta
7790580128975;COFLER LECHE x 140gr;ARCOR;CHOCOLATES;12897;1012897;COFLER MACIZO LECHE 36 x 140 Gr.;alta
7790580003487;COFLER LECHE x55g;ARCOR;CHOCOLATES;10348;1010348;COFLER MACIZO LECHE 12 X 10 X 55 Gr.;alta
7790580043506;COFLER MACIZO ALMENDRAS 12 X 10 X 55 Gr.;ARCOR;CHOCOLATES;1010350;1010350;COFLER MACIZO ALMENDRAS 12 X 10 X 55 Gr.;arcor-catalog
7790580128999;COFLER MACIZO ALMENDRAS 36 x 140 Gr.;ARCOR;CHOCOLATES;1012899;1012899;COFLER MACIZO ALMENDRAS 36 x 140 Gr.;arcor-catalog
7790580003562;COFLER MACIZO ALMENDRAS 4 X 16 X 100 Gr.;ARCOR;CHOCOLATES;1010356;1010356;COFLER MACIZO ALMENDRAS 4 X 16 X 100 Gr.;arcor-catalog
7790580003531;COFLER MACIZO CHOCOLINAS 12 X 10 X 55 Gr.;ARCOR;CHOCOLATES;1010353;1010353;COFLER MACIZO CHOCOLINAS 12 X 10 X 55 Gr.;arcor-catalog
7790580128982;COFLER MACIZO CHOCOLINAS 36 x 140 Gr.;ARCOR;CHOCOLATES;1012898;1012898;COFLER MACIZO CHOCOLINAS 36 x 140 Gr.;arcor-catalog
7790580105655;COFLER MACIZO CHOCOLINAS 4 X 16 X 100 Gr.;ARCOR;CHOCOLATES;1010771;1010771;COFLER MACIZO CHOCOLINAS 4 X 16 X 100 Gr.;arcor-catalog
7790580123956;COFLER MACIZO CHOCOTITAS 12 X 10 X 64 Gr.;ARCOR;CHOCOLATES;1012395;1012395;COFLER MACIZO CHOCOTITAS 12 X 10 X 64 Gr.;arcor-catalog
7790580003487;COFLER MACIZO LECHE 12 X 10 X 55 Gr.;ARCOR;CHOCOLATES;1010348;1010348;COFLER MACIZO LECHE 12 X 10 X 55 Gr.;arcor-catalog
7790580128975;COFLER MACIZO LECHE 36 x 140 Gr.;ARCOR;CHOCOLATES;1012897;1012897;COFLER MACIZO LECHE 36 x 140 Gr.;arcor-catalog
7790580003579;COFLER MACIZO LECHE 4 X 16 X 100 Gr.;ARCOR;CHOCOLATES;1010357;1010357;COFLER MACIZO LECHE 4 X 16 X 100 Gr.;arcor-catalog
7790580003524;COFLER MACIZO ROCKLETS 12 X 10 X 55 Gr.;ARCOR;CHOCOLATES;1010352;1010352;COFLER MACIZO ROCKLETS 12 X 10 X 55 Gr.;arcor-catalog
7790580003555;COFLER MACIZO ROCKLETS 4 X 16 X 100 Gr.;ARCOR;CHOCOLATES;1010355;1010355;COFLER MACIZO ROCKLETS 4 X 16 X 100 Gr.;arcor-catalog
7790580105990;COFLER MACIZO TRES PLACERES 12 X 10 X 55 Gr.;ARCOR;CHOCOLATES;1010770;1010770;COFLER MACIZO TRES PLACERES 12 X 10 X 55 Gr.;arcor-catalog
7790580123949;COFLER MACIZO YOGURT DE FRUTILLA 12 X 10 X 64 Gr.;ARCOR;CHOCOLATES;1012394;1012394;COFLER MACIZO YOGURT DE FRUTILLA 12 X 10 X 64 Gr.;arcor-catalog
;COFLER RELL AVELLANA x35g;ARCOR;;14608;;;sin-match
7790580123949;COFLER RELL YOGURT FRUT x 64g;ARCOR;CHOCOLATES;12394;1012394;COFLER MACIZO YOGURT DE FRUTILLA 12 X 10 X 64 Gr.;alta
7790580003753;COFLER RELLENOS BLANCO CON DULCE DE LECHE 8 X 20 X 42 Gr.;ARCOR;CHOCOLATES;1010375;1010375;COFLER RELLENOS BLANCO CON DULCE DE LECHE 8 X 20 X 42 Gr.;arcor-catalog
7790580123987;COFLER RELLENOS COCO Y DULCE DE LECHE 8 X 20 X 35 Gr.;ARCOR;CHOCOLATES;1012398;1012398;COFLER RELLENOS COCO Y DULCE DE LECHE 8 X 20 X 35 Gr.;arcor-catalog
7790580255602;COFLER RELLENOS DULCE DE LECHE 8 X 20 X 42 Gr.;ARCOR;CHOCOLATES;1002556;1002556;COFLER RELLENOS DULCE DE LECHE 8 X 20 X 42 Gr.;arcor-catalog
7790580123963;COFLER RELLENOS MOUSSE DE AVELLANAS 8 X 20 X 35 Gr.;ARCOR;CHOCOLATES;1012396;1012396;COFLER RELLENOS MOUSSE DE AVELLANAS 8 X 20 X 35 Gr.;arcor-catalog
7790580123970;COFLER RELLENOS YOGHURT FRUTILLA 8 X 20 X 35 Gr.;ARCOR;CHOCOLATES;1012397;1012397;COFLER RELLENOS YOGHURT FRUTILLA 8 X 20 X 35 Gr.;arcor-catalog
;COFLER ROCKLETS x140g;ARCOR;;14609;;;sin-match
7790580003524;COFLER ROCKLETS x55g;ARCOR;CHOCOLATES;10352;1010352;COFLER MACIZO ROCKLETS 12 X 10 X 55 Gr.;alta
7790580123970;COFLER YOGURT FRUTILLA x 35g;ARCOR;CHOCOLATES;12397;1012397;COFLER RELLENOS YOGHURT FRUTILLA 8 X 20 X 35 Gr.;alta
7790580118426;COLADOS DUROS ARCOR BUTTER N CREAM 6 x 810 Gr.;ARCOR;GOLOSINAS;1011842;1011842;COLADOS DUROS ARCOR BUTTER N CREAM 6 x 810 Gr.;arcor-catalog
7790580128524;COLADOS DUROS ARCOR CHERRY 10 x 800 Gr.;ARCOR;GOLOSINAS;1012852;1012852;COLADOS DUROS ARCOR CHERRY 10 x 800 Gr.;arcor-catalog
7790580118358;COLADOS DUROS ARCOR FRESH CRISTAL 12 x 405 Gr.;ARCOR;GOLOSINAS;1011835;1011835;COLADOS DUROS ARCOR FRESH CRISTAL 12 x 405 Gr.;arcor-catalog
7790580470609;COLADOS DUROS ARCOR MENTA CRISTAL 36 x 150 Gr.;ARCOR;GOLOSINAS;1004706;1004706;COLADOS DUROS ARCOR MENTA CRISTAL 36 x 150 Gr.;arcor-catalog
7790580118341;COLADOS DUROS ARCOR MENTA CRISTAL 6 x 810 Gr.;ARCOR;GOLOSINAS;1011834;1011834;COLADOS DUROS ARCOR MENTA CRISTAL 6 x 810 Gr.;arcor-catalog
7790580102869;COLADOS DUROS ARCOR MIX CRISTALES 6 x 810 Gr.;ARCOR;GOLOSINAS;1011860;1011860;COLADOS DUROS ARCOR MIX CRISTALES 6 x 810 Gr.;arcor-catalog
7790580128531;COLADOS DUROS ARCOR STRONG 10 x 800 Gr.;ARCOR;GOLOSINAS;1012853;1012853;COLADOS DUROS ARCOR STRONG 10 x 800 Gr.;arcor-catalog
7790580118846;COLADOS LECHE ARCOR AGUILA 6 x 822 Gr.;ARCOR;GOLOSINAS;1011884;1011884;COLADOS LECHE ARCOR AGUILA 6 x 822 Gr.;arcor-catalog
7790580101978;COLADOS LECHE ARCOR BON O BON 36 x 150 Gr.;ARCOR;GOLOSINAS;1010197;1010197;COLADOS LECHE ARCOR BON O BON 36 x 150 Gr.;arcor-catalog
7790580118853;COLADOS LECHE ARCOR BON O BON 6 x 822 Gr.;ARCOR;GOLOSINAS;1011885;1011885;COLADOS LECHE ARCOR BON O BON 6 x 822 Gr.;arcor-catalog
7790580118587;COLADOS LECHE ARCOR CAFÉ 6 x 822 Gr.;ARCOR;GOLOSINAS;1011858;1011858;COLADOS LECHE ARCOR CAFÉ 6 x 822 Gr.;arcor-catalog
7790580151300;COLADOS LECHE ARCOR CHOCOLATE 36 x 150 Gr.;ARCOR;GOLOSINAS;1001513;1001513;COLADOS LECHE ARCOR CHOCOLATE 36 x 150 Gr.;arcor-catalog
7790580118785;COLADOS LECHE ARCOR CHOCOLATE 6 x 822 Gr.;ARCOR;GOLOSINAS;1011878;1011878;COLADOS LECHE ARCOR CHOCOLATE 6 x 822 Gr.;arcor-catalog
7790580118839;COLADOS LECHE ARCOR CHOCOLATE BLANCO 6 x 822 Gr.;ARCOR;GOLOSINAS;1011883;1011883;COLADOS LECHE ARCOR CHOCOLATE BLANCO 6 x 822 Gr.;arcor-catalog
7790580118860;COLADOS LECHE ARCOR CHOKKO MINT 6 x 822 Gr.;ARCOR;GOLOSINAS;1011886;1011886;COLADOS LECHE ARCOR CHOKKO MINT 6 x 822 Gr.;arcor-catalog
7790580127374;COLADOS LECHE ARCOR COCO 6 x 822 Gr.;ARCOR;GOLOSINAS;1012737;1012737;COLADOS LECHE ARCOR COCO 6 x 822 Gr.;arcor-catalog
7790580118877;COLADOS LECHE ARCOR DULCE DE LECHE 6 x 822 Gr.;ARCOR;GOLOSINAS;1011887;1011887;COLADOS LECHE ARCOR DULCE DE LECHE 6 x 822 Gr.;arcor-catalog
7790580151201;COLADOS LECHE ARCOR LECHE 36 x 150 Gr.;ARCOR;GOLOSINAS;1001512;1001512;COLADOS LECHE ARCOR LECHE 36 x 150 Gr.;arcor-catalog
7790580118570;COLADOS LECHE ARCOR LECHE 6 x 825 Gr.;ARCOR;GOLOSINAS;1011857;1011857;COLADOS LECHE ARCOR LECHE 6 x 825 Gr.;arcor-catalog
7790580426606;CONF ROCKLETS MINI 44u x10g;ARCOR;CHOCOLATES;4266;1004266;ROCKLETS MINI 12 X 44 X 10 Gr.;alta
7790580397203;CONOS CONO BON O BON 14 X 135 Cc.;ARCOR;HELADOS;1003972;1003972;CONOS CONO BON O BON 14 X 135 Cc.;arcor-catalog
7790580127121;CONOS CUCURUCHO ARCOR CHOCOLATE/AMERICANA 12 X 120 Cc.;ARCOR;HELADOS;1012712;1012712;CONOS CUCURUCHO ARCOR CHOCOLATE/AMERICANA 12 X 120 Cc.;arcor-catalog
7790580111472;CONOS CUCURUCHO ARCOR DDL/AMERICANA 12 X 120 Cc.;ARCOR;HELADOS;1011147;1011147;CONOS CUCURUCHO ARCOR DDL/AMERICANA 12 X 120 Cc.;arcor-catalog
7790580111489;CONOS CUCURUCHO ARCOR FRUTILLA/ AMERICANA 12 X 120 Cc.;ARCOR;HELADOS;1011148;1011148;CONOS CUCURUCHO ARCOR FRUTILLA/ AMERICANA 12 X 120 Cc.;arcor-catalog
7790580982508;CONOS CUCURUCHO COFLER AMERICANA/DDL 14 X 135 Cc.;ARCOR;HELADOS;1009825;1009825;CONOS CUCURUCHO COFLER AMERICANA/DDL 14 X 135 Cc.;arcor-catalog
;COOKIES AGUILA PREMEZCLA x300g;ARCOR;;13798;;;sin-match
;CREATINA NARANJA x162g;ARCOR;;13804;;;sin-match
;CREATINA NARANJA x325g.;ARCOR;;15290;;;sin-match
;CREATINA SIN SABOR x300g.;ARCOR;;14745;;;sin-match
7790580110208;CREMINO SURT.x940g;ARCOR;GOLOSINAS;1104;1001104;LECHE ARCOR CREMINO SURTIDO 6 x 940 Gr.;alta
;CUBANITOS AVELLANAS x16u.;ARCOR;;15262;;;sin-match
;CUBANITOS COFLER COCO x16u.;ARCOR;;15263;;;sin-match
;CUBANITOS DARK x16u.;ARCOR;;15259;;;sin-match
;CUBANITOS LECHE x16u.;ARCOR;;15258;;;sin-match
;DEDALITOS ARCOR x500g.;ARCOR;;14462;;;sin-match
;DELFINES DE VAINILLA x145G;ARCOR;;14253;;;sin-match
7790580501204;DULCE BATATA ARCOR CAJÓN 5 Kg.;ARCOR;ALIMENTOS;1005012;1005012;DULCE BATATA ARCOR CAJÓN 5 Kg.;arcor-catalog
7790580501105;DULCE BATATA ARCOR CON CHOCOLATE CAJÓN 5 Kg.;ARCOR;ALIMENTOS;1005011;1005011;DULCE BATATA ARCOR CON CHOCOLATE CAJÓN 5 Kg.;arcor-catalog
7790580504809;DULCE BATATA ARCOR CON CHOCOLATE ESTUCHE 12 X 500 Gr.;ARCOR;ALIMENTOS;1005048;1005048;DULCE BATATA ARCOR CON CHOCOLATE ESTUCHE 12 X 500 Gr.;arcor-catalog
7790580173708;DULCE BATATA ARCOR CON CHOCOLATE LATA 2 X 5 Kg.;ARCOR;ALIMENTOS;1006747;1006747;DULCE BATATA ARCOR CON CHOCOLATE LATA 2 X 5 Kg.;arcor-catalog
7790580504410;DULCE BATATA ARCOR ESTUCHE 12 X 500 Gr.;ARCOR;ALIMENTOS;1005044;1005044;DULCE BATATA ARCOR ESTUCHE 12 X 500 Gr.;arcor-catalog
7790580502300;DULCE BATATA ARCOR LATA 2 X 5 Kg.;ARCOR;ALIMENTOS;1006815;1006815;DULCE BATATA ARCOR LATA 2 X 5 Kg.;arcor-catalog
7790580505806;DULCE MEMBRILLO ARCOR CAJÓN 5 Kg.;ARCOR;ALIMENTOS;1005058;1005058;DULCE MEMBRILLO ARCOR CAJÓN 5 Kg.;arcor-catalog
7790580504601;DULCE MEMBRILLO ARCOR ESTUCHE 12 X 500 Gr.;ARCOR;ALIMENTOS;1005046;1005046;DULCE MEMBRILLO ARCOR ESTUCHE 12 X 500 Gr.;arcor-catalog
7790580470906;DUROS ARCOR GAJITOS 12 x 485 Gr.;ARCOR;GOLOSINAS;1010885;1010885;DUROS ARCOR GAJITOS 12 x 485 Gr.;arcor-catalog
7790580470807;DUROS ARCOR GAJITOS 36 x 150 Gr.;ARCOR;GOLOSINAS;1010886;1010886;DUROS ARCOR GAJITOS 36 x 150 Gr.;arcor-catalog
7790580214104;DUROS ARCOR RODAJAS 6 x 930 Gr.;ARCOR;GOLOSINAS;1002141;1002141;DUROS ARCOR RODAJAS 6 x 930 Gr.;arcor-catalog
7790580296506;DUROS ARCOR RODAJAS CRAZY 12 x 465 Gr.;ARCOR;GOLOSINAS;1002965;1002965;DUROS ARCOR RODAJAS CRAZY 12 x 465 Gr.;arcor-catalog
;ESTRELLAS FRUTALES x145G;ARCOR;;14250;;;sin-match
;ESTRELLAS FRUTALES x245g;ARCOR;;14251;;;sin-match
7790580110024;EXTRAFINO AGUILA 60% CACAO 4 X 15 X 150 Gr.;ARCOR;CHOCOLATES;1012902;1012902;EXTRAFINO AGUILA 60% CACAO 4 X 15 X 150 Gr.;arcor-catalog
7790580116019;EXTRAFINO BARRITA AGUILA 60% CACAO 24 X 24 X 12 Gr.;ARCOR;CHOCOLATES;1011601;1011601;EXTRAFINO BARRITA AGUILA 60% CACAO 24 X 24 X 12 Gr.;arcor-catalog
;FLAN GODET DDL x25;ARCOR;;13195;;;sin-match
;FLAN GODET DDL x25g.;ARCOR;;14550;;;sin-match
;FLAN.VAINI.GODET x25g;ARCOR;;14551;;;sin-match
7790580111083;FLANES GODET DULCE DE LECHE 48 X 30 Gr.;ARCOR;ALIMENTOS;1011108;1011108;FLANES GODET DULCE DE LECHE 48 X 30 Gr.;arcor-catalog
7790580111076;FLANES GODET VAINILLA 48 X 30 Gr.;ARCOR;ALIMENTOS;1011107;1011107;FLANES GODET VAINILLA 48 X 30 Gr.;arcor-catalog
;FLICS FRUTA x12u.;ARCOR;;14156;;;sin-match
7790580587307;FLICS FRUTA x14u.;ARCOR;GOLOSINAS;5873;1005873;FLICS FRUTILLA 30 x 14 x 12,6 Gr.;alta
7790580587307;FLICS FRUTILLA 30 x 14 x 12,6 Gr.;ARCOR;GOLOSINAS;1005873;1005873;FLICS FRUTILLA 30 x 14 x 12,6 Gr.;arcor-catalog
7790580587109;FLICS MENTA 30 x 14 x 12,6 Gr.;ARCOR;GOLOSINAS;1005871;1005871;FLICS MENTA 30 x 14 x 12,6 Gr.;arcor-catalog
;FLICS MENTA x12u.;ARCOR;;14155;;;sin-match
7790580587109;FLICS MENTA x14u.;ARCOR;GOLOSINAS;5871;1005871;FLICS MENTA 30 x 14 x 12,6 Gr.;alta
;FORMIS BLACK x102g;ARCOR;;13997;;;sin-match
;FORMIS CHO/DDL x102g;ARCOR;;13996;;;sin-match
;FORMIS CHO/DDL x72g;ARCOR;;13991;;;sin-match
;FORMIS VAI/CHO x102g;ARCOR;;13993;;;sin-match
;FORMIS VAI/CHO x72g;ARCOR;;13990;;;sin-match
;FORMIS VAI/FRU x102g;ARCOR;;13992;;;sin-match
;FORMIS VAI/FRU x72g;ARCOR;;13989;;;sin-match
;GALL. CER.MIX AVE/CHOC x207g.;ARCOR;;14502;;;sin-match
;GALL. CER.MIX AVE/PAS x207g;ARCOR;;13574;;;sin-match
;GALL. CER.MIX FRU/CHIA x207g;ARCOR;;13576;;;sin-match
;GALL. CER.MIX SEM/CHI x207g;ARCOR;;13575;;;sin-match
;GALL. CER.MIX. C/CACAO x150g;ARCOR;;14094;;;sin-match
;GALL. CER.MIX. FRUTILLA x150g;ARCOR;;14093;;;sin-match
;GALL. COFLER BAÑADA x132g;ARCOR;;14369;;;sin-match
;GALL. COFLER BAÑADAS BOB x105g;ARCOR;;14373;;;sin-match
;GALL. COFLER BAÑADAS CHOCOLATE x105.6gr;ARCOR;;14375;;;sin-match
;GALL. COFLER RELL CHO/VAI x85g;ARCOR;;14377;;;sin-match
;GALL. COFLER RELL VAI/CHO x85g;ARCOR;;14378;;;sin-match
;GALL. COFLER RELL. BOB x85g;ARCOR;;14380;;;sin-match
;GALL. OBLEA COFLER CHO/VAI x91g;ARCOR;;14381;;;sin-match
;GALL. OBLEA COFLER VAI/CHOC x87g;ARCOR;;14382;;;sin-match
;GALLETA COFLER COOKIES x120g;ARCOR;;12794;;;sin-match
;GALLETITA BLOCK x124g.;ARCOR;;11695;;;sin-match
;GALLETITAS ROCKLET x 118g;ARCOR;;11074;;;sin-match
;GARBANZOS SEC.ARCORx300g.;ARCOR;;13247;;;sin-match
;GEL BC CEREZA x18g;ARCOR;;14563;;;sin-match
;GEL BC CEREZA x18g;ARCOR;;14088;;;sin-match
;GEL BC DURAZNO x18g;ARCOR;;14564;;;sin-match
;GEL BC DURAZNO x18g;ARCOR;;14090;;;sin-match
;GEL BC FRAMBUESA x18g;ARCOR;;14565;;;sin-match
;GEL BC FRUTILLA x20g;ARCOR;;14089;;;sin-match
;GEL BC LIGHT FRAMBUE X 18g;ARCOR;;14160;;;sin-match
;GEL GODET CEREZA x25g.;ARCOR;;14553;;;sin-match
;GEL GODET CEREZA x30g;ARCOR;;13204;;;sin-match
;GEL GODET DURAZNO x25g;ARCOR;;13206;;;sin-match
;GEL MOGUL CEREZA x25g;ARCOR;;13210;;;sin-match
;GEL MOGUL FRUTILLA x25gr;ARCOR;;14558;;;sin-match
;GEL MOGUL FRUTILLA x25gr;ARCOR;;13209;;;sin-match
;GEL MOGUL UVA x25g;ARCOR;;13212;;;sin-match
;GEL.FRAMB GODET x25g;ARCOR;;14554;;;sin-match
;GEL.FRUT.GODET x25g;ARCOR;;14552;;;sin-match
7790580113445;GELATINA MOGUL CEREZA 48 X 30 Gr.;ARCOR;ALIMENTOS;1011344;1011344;GELATINA MOGUL CEREZA 48 X 30 Gr.;arcor-catalog
7790580113346;GELATINA MOGUL FRUTILLA 48 X 30 Gr.;ARCOR;ALIMENTOS;1011334;1011334;GELATINA MOGUL FRUTILLA 48 X 30 Gr.;arcor-catalog
7790580113353;GELATINA MOGUL MANZANA 48 X 30 Gr.;ARCOR;ALIMENTOS;1011335;1011335;GELATINA MOGUL MANZANA 48 X 30 Gr.;arcor-catalog
7790580127794;GELATINA MOGUL SANDÍA 48 X 30 Gr.;ARCOR;ALIMENTOS;1012779;1012779;GELATINA MOGUL SANDÍA 48 X 30 Gr.;arcor-catalog
7790580113377;GELATINA MOGUL UVA 48 X 30 Gr.;ARCOR;ALIMENTOS;1011337;1011337;GELATINA MOGUL UVA 48 X 30 Gr.;arcor-catalog
7790580110727;GELATINAS BC ANANÁ LIGHT 48 X 20 Gr.;ARCOR;ALIMENTOS;1011100;1011100;GELATINAS BC ANANÁ LIGHT 48 X 20 Gr.;arcor-catalog
7790580110994;GELATINAS BC CEREZA LIGHT 48 X 20 Gr.;ARCOR;ALIMENTOS;1011099;1011099;GELATINAS BC CEREZA LIGHT 48 X 20 Gr.;arcor-catalog
7790580113322;GELATINAS BC DURAZNO LIGHT 48 X 20 Gr.;ARCOR;ALIMENTOS;1011332;1011332;GELATINAS BC DURAZNO LIGHT 48 X 20 Gr.;arcor-catalog
7790580110987;GELATINAS BC FRUTILLA LIGHT 48 X 20 Gr.;ARCOR;ALIMENTOS;1011098;1011098;GELATINAS BC FRUTILLA LIGHT 48 X 20 Gr.;arcor-catalog
7790580110949;GELATINAS GODET CEREZA 48 X 30 Gr.;ARCOR;ALIMENTOS;1011094;1011094;GELATINAS GODET CEREZA 48 X 30 Gr.;arcor-catalog
7790580110963;GELATINAS GODET DURAZNO 48 X 30 Gr.;ARCOR;ALIMENTOS;1011096;1011096;GELATINAS GODET DURAZNO 48 X 30 Gr.;arcor-catalog
7790580110956;GELATINAS GODET FRAMBUESA 48 X 30 Gr.;ARCOR;ALIMENTOS;1011095;1011095;GELATINAS GODET FRAMBUESA 48 X 30 Gr.;arcor-catalog
7790580110932;GELATINAS GODET FRUTILLA 48 X 30 Gr.;ARCOR;ALIMENTOS;1011093;1011093;GELATINAS GODET FRUTILLA 48 X 30 Gr.;arcor-catalog
7790580113483;GELATO AGUILA CHOCOLATE 6 X 450 Cc.;ARCOR;HELADOS;1011348;1011348;GELATO AGUILA CHOCOLATE 6 X 450 Cc.;arcor-catalog
7790580112578;GELATO AGUILA GRANIZADO 6 X 450 Cc.;ARCOR;HELADOS;1011257;1011257;GELATO AGUILA GRANIZADO 6 X 450 Cc.;arcor-catalog
7790580118143;GELATO BON O BON 6 X 450 Cc.;ARCOR;HELADOS;1011814;1011814;GELATO BON O BON 6 X 450 Cc.;arcor-catalog
7790580112400;GELATO SUPER DULCE DE LECHE 6 X 450 Cc.;ARCOR;HELADOS;1011240;1011240;GELATO SUPER DULCE DE LECHE 6 X 450 Cc.;arcor-catalog
7790580127565;HEL. AGRUP MR POPS FRUT/ANA 6x40g;ARCOR;HELADOS;12756;1012756;AGRUPADO MR POP'S 12 X 6 X 40 Cc.;alta
7790580127572;HEL. AGRUP PALITO BOMBON x6un;ARCOR;HELADOS;12757;1012757;AGRUPADO PALITO BOMBÓN HELADO 12 X 6 X 40 Cc.;alta
;HEL. AGRUP.CHOCOTORTA 6x53 g;ARCOR;;14261;;;sin-match
;HEL. AGRUPADO BLOCK 4x61g;ARCOR;;14263;;;sin-match
;HEL. AGRUPADO BOB x4un;ARCOR;;14262;;;sin-match
;HEL. ARCOR CREMA AMERICANA x20u;ARCOR;;13072;;;sin-match
;HEL. ARCOR DULCE DE LECHE x20u;ARCOR;;13073;;;sin-match
;HEL. BLOCK BITES x180g.;ARCOR;;15136;;;sin-match
7790580112653;HEL. BOMBON ARCOR KIDSx30u.;ARCOR;HELADOS;11265;1011265;PALITOS INDULGENTES INFANTILES PALITO BOMBÓN ARCOR 30 X 60 Cc.;alta
;HEL. BOMBON ESCOCES BOB x6u.;ARCOR;;14790;;;sin-match
;HEL. BON O BON BITES x180g.;ARCOR;;15138;;;sin-match
7790580111243;HEL. CITOS BON O BON X 12u;ARCOR;HELADOS;11124;1011124;BOMBONES Y BOCADITOS BON O BON CITOS 12 X 180 Cc.;alta
;HEL. CITOS COFLER BLOCK x12;ARCOR;;13541;;;sin-match
;HEL. CITOS COFLER DDL x12;ARCOR;;13587;;;sin-match
7790580126230;HEL. COFLER AGUILA S/A 16x63gr;ARCOR;HELADOS;12623;1012623;COFLER AGUILA SEMIA. 16 X 63 Gr. (80 Cc.);alta
7790580395803;HEL. COFLER ALMENDRA 16x80cc;ARCOR;HELADOS;11318;1011318;PALITOS INDULGENTES COFLER ALMENDRAS 16 X 80 Cc.;alta
7790580108397;HEL. COFLER BLOCK X 16u;ARCOR;HELADOS;11328;1011328;PALITOS INDULGENTES COFLER BLOCK 16 X 80 Cc.;alta
;HEL. COFLER CHOCOLI COOK CREAM 16x66g;ARCOR;;14267;;;sin-match
7790580121334;HEL. COFLER CHOCOLINAS x16U;ARCOR;HELADOS;12133;1012133;PALITOS INDULGENTES COFLER CHOCOLINAS 16 X 80 Cc.;alta
;HEL. COFLER DDL 16u x 63g;ARCOR;;14783;;;sin-match
;HEL. COFLER DDL BITESx180g.;ARCOR;;15137;;;sin-match
;HEL. CONO ARC AMER/DDL  x18u;ARCOR;;13067;;;sin-match
;HEL. CONO ARC FRUT/AME x18u;ARCOR;;13066;;;sin-match
7790580397203;HEL. CONO BONoBON 14u.x135cc;ARCOR;HELADOS;3972;1003972;CONOS CONO BON O BON 14 X 135 Cc.;alta
;HEL. CONO COFLER BLOCK 18x95g;ARCOR;;14219;;;sin-match
7790580982508;HEL. CONO COFLER DUO 14u.x135cc;ARCOR;HELADOS;9825;1009825;CONOS CUCURUCHO COFLER AMERICANA/DDL 14 X 135 Cc.;alta
;HEL. CONO FRUT/AMER 14u.x110cc;ARCOR;;14791;;;sin-match
;HEL. CORAZON BOB BCO 16x60g;ARCOR;;13966;;;sin-match
;HEL. CORAZON BONoBON 16x61gr;ARCOR;;14081;;;sin-match
7790580524203;HEL. FANTA 16x80cc;ARCOR;HELADOS;11339;1011339;LICENCIAS FANTA 16 X 80 Cc.;alta
7790580112578;HEL. GELATO AME/GRAN x 250g;ARCOR;HELADOS;11257;1011257;GELATO AGUILA GRANIZADO 6 X 450 Cc.;alta
;HEL. GELATO BC FRUTILLA 300G;ARCOR;;13539;;;sin-match
;HEL. GELATO BC LIM x300g;ARCOR;;13946;;;sin-match
;HEL. GELATO BLOK/DDL x520g;ARCOR;;14212;;;sin-match
;HEL. GELATO BOB/ROCKL x520g;ARCOR;;14213;;;sin-match
7790580118143;HEL. GELATO BoB 250g.;ARCOR;HELADOS;11814;1011814;GELATO BON O BON 6 X 450 Cc.;alta
7790580112400;HEL. GELATO COF DDL x 250g;ARCOR;HELADOS;11240;1011240;GELATO SUPER DULCE DE LECHE 6 X 450 Cc.;alta
;HEL. GELATO COFLER BLOCK x250G;ARCOR;;13534;;;sin-match
;HEL. GELATO DUO BLOCK MITI X520G;ARCOR;;14211;;;sin-match
;HEL. GELATO FRUTILLA x250g.;ARCOR;;15252;;;sin-match
;HEL. GELATO XL DUO GR/INT x520g;ARCOR;;14210;;;sin-match
;HEL. KOPA DDL-CHOCO 18x90g;ARCOR;;13947;;;sin-match
;HEL. KOPA DUL/AMER x18u;ARCOR;;13528;;;sin-match
;HEL. KOPA FRUTI/AMER x18u;ARCOR;;13526;;;sin-match
7790580127107;HEL. MOG EXTRE SANDIA 30x50g;ARCOR;HELADOS;12710;1012710;PALITOS AGUA INFANTILES MOGUL EXTREME SANDIA 30 X 50 Cc.;alta
;HEL. MOGUL DIENTES 16x60G;ARCOR;;14192;;;sin-match
;HEL. MOGUL FR-LI AGRUP. x6u.;ARCOR;;14273;;;sin-match
;HEL. MOGUL FRU/NAR 46x51g;ARCOR;;14231;;;sin-match
;HEL. MOGUL LIMON/BLUEBE x50g;ARCOR;;13524;;;sin-match
;HEL. MOGUL TUBITO x24un;ARCOR;;14218;;;sin-match
;HEL. MULTIPAK MOGUL AGUA x18u;ARCOR;;14266;;;sin-match
;HEL. MULTIPAK PAL.BOMBON  x18u;ARCOR;;14260;;;sin-match
;HEL. PAL.BOMBON CHOCO 24x50g.;ARCOR;;15253;;;sin-match
;HEL. PALETA ARCOR MILK 20x52g;ARCOR;;13960;;;sin-match
;HEL. PALITO CHOCOTORTA 20x53g;ARCOR;;14217;;;sin-match
7790580121921;HEL. PALITO CINDOR  24x60;ARCOR;HELADOS;12192;1012192;LICENCIAS CINDOR 24 X 60 Cc.;alta
7790580524104;HEL. PALITO ROCKLETS x16u;ARCOR;HELADOS;11316;1011316;PALITOS INDULGENTES INFANTILES ROCKLETS COLORES 16 X 60 Cc.;alta
;HEL. POST GELATO CHOC/AMER;ARCOR;;13525;;;sin-match
;HEL. POST GELATO CHOCOTORTA x 275g;ARCOR;;14216;;;sin-match
;HEL. POST GELATO ROCKLETS x250g;ARCOR;;13959;;;sin-match
7790580121877;HEL. POSTRE AGUILA x 637g;ARCOR;HELADOS;12187;1012187;POSTRE HELADO AGUILA 6 X 1400 Cc.;alta
7790580121884;HEL. POSTRE ALMENDRADO x 675gr;ARCOR;HELADOS;12188;1012188;POSTRE HELADO ALMENDRADO ARCOR 6 X 1400 Cc.;alta
7790580121907;HEL. POSTRE BON O BON x 637gr;ARCOR;HELADOS;12190;1012190;POSTRE HELADO BON O BON 6 X 1400 Cc.;alta
;HEL. POSTRE CHOCOTORTA x637g;ARCOR;;13830;;;sin-match
;HEL. POSTRE COF.3 PLACERESx500g;ARCOR;;13949;;;sin-match
;HEL. POSTRE COFLER BLOCK x500gr;ARCOR;;13530;;;sin-match
7790580121860;HEL. POSTRE TOFI X 637gr;ARCOR;HELADOS;12186;1012186;POSTRE HELADO TOFI 6 X 1400 Cc.;alta
7790580024901;HEL. SLICE FRUTILLA C/FTA. 22x70cc;ARCOR;HELADOS;11330;1011330;PALITOS AGUA ADULTOS SLICE FRUTILLA 22 X 70 Cc.;alta
7790580708405;HEL. SLICE LIMON 22x70cc;ARCOR;HELADOS;11331;1011331;PALITOS AGUA ADULTOS SLICE LIMÓN 22 X 70 Cc.;alta
;HEL. TORTA AGUILA 1.1KG;ARCOR;;13538;;;sin-match
7790580130022;HEL. TRES CREMAS AME DDL FRUT;ARCOR;HELADOS;13020;1013020;ARCOR TRES CREMAS 8U X 1 Kg.;alta
7790580454210;HEL. TRES CREMAS CHOC VAI DDL;ARCOR;HELADOS;4542;1004542;POSTRE HELADO TRES CREMAS ARCOR 8 X 2000 Cc.;alta
;HEL.BARRITA AGUI SEM/AMAx24;ARCOR;;14009;;;sin-match
;HEL.BARRITA AGUILA DDL x6u.;ARCOR;;15250;;;sin-match
;HEL.BARRITA AGUILA x24u;ARCOR;;14008;;;sin-match
7790580113469;HEL.BARRlTA AGUlLA AMER.x8u.;ARCOR;HELADOS;11346;1011346;AGRUPADO AGUILA 12 X 8 X 48 Cc.;alta
;HOGAREÑAS 7 SEMILLA x189g;ARCOR;;13606;;;sin-match
;HOGAREÑAS 7 SEMILLAS x3;ARCOR;;13607;;;sin-match
;HOGAREÑAS MIX CEREAL x185g;ARCOR;;13609;;;sin-match
;HOGAREÑAS MIX CEREAL x3;ARCOR;;13610;;;sin-match
;HOGAREÑAS SALVADO 3x200G;ARCOR;;13295;;;sin-match
;HOGAREÑAS SALVADO x200G;ARCOR;;13296;;;sin-match
;HOGAREÑAS SESAMO x167g;ARCOR;;13608;;;sin-match
;HUE. SUPER ROCKLETS 12X28G;ARCOR;;13335;;;sin-match
;HUEVITOS MILK DISPENSER x60u.;ARCOR;;14624;;;sin-match
;HUEVO ARCOR  MILK 12x22g;ARCOR;;13430;;;sin-match
7790580357610;HUEVO TOY'S HUEVO TOY'S 8 X 12 X 22 Gr.;ARCOR;CHOCOLATES;1003576;1003576;HUEVO TOY'S HUEVO TOY'S 8 X 12 X 22 Gr.;arcor-catalog
7790580983307;JARDINERA 24 X 300 Gr.;ARCOR;ALIMENTOS;1009833;1009833;JARDINERA 24 X 300 Gr.;arcor-catalog
;JARDINERA ARCOR x300g;ARCOR;;13253;;;sin-match
7790580308100;JELLY BUTTON  MOGUL x1.k;ARCOR;GOLOSINAS;3081;1003081;MOGUL GRANEL JELLY BUTTON 6 x 1 Kg.;alta
7790580106416;JUGO EN POLVO ARCOR ANANÁ 12 X 18 X 20 Gr.;ARCOR;ALIMENTOS;1010641;1010641;JUGO EN POLVO ARCOR ANANÁ 12 X 18 X 20 Gr.;arcor-catalog
7790580111632;JUGO EN POLVO ARCOR DURAZNO 12 X 18 X 20 Gr.;ARCOR;ALIMENTOS;1011163;1011163;JUGO EN POLVO ARCOR DURAZNO 12 X 18 X 20 Gr.;arcor-catalog
7790580106041;JUGO EN POLVO ARCOR LIMONADA 12 X 18 X 20 Gr.;ARCOR;ALIMENTOS;1010640;1010640;JUGO EN POLVO ARCOR LIMONADA 12 X 18 X 20 Gr.;arcor-catalog
7790580111649;JUGO EN POLVO ARCOR MANGO NARANJA 12 X 18 X 20 Gr.;ARCOR;ALIMENTOS;1011164;1011164;JUGO EN POLVO ARCOR MANGO NARANJA 12 X 18 X 20 Gr.;arcor-catalog
7790580106379;JUGO EN POLVO ARCOR MANZANA 12 X 18 X 20 Gr.;ARCOR;ALIMENTOS;1010637;1010637;JUGO EN POLVO ARCOR MANZANA 12 X 18 X 20 Gr.;arcor-catalog
7790580106386;JUGO EN POLVO ARCOR MULTIFRUTA 12 X 18 X 20 Gr.;ARCOR;ALIMENTOS;1010638;1010638;JUGO EN POLVO ARCOR MULTIFRUTA 12 X 18 X 20 Gr.;arcor-catalog
7790580106362;JUGO EN POLVO ARCOR NARANJA 12 X 18 X 20 Gr.;ARCOR;ALIMENTOS;1010636;1010636;JUGO EN POLVO ARCOR NARANJA 12 X 18 X 20 Gr.;arcor-catalog
7790580106423;JUGO EN POLVO ARCOR NARANJA BANANA 12 X 18 X 20 Gr.;ARCOR;ALIMENTOS;1010642;1010642;JUGO EN POLVO ARCOR NARANJA BANANA 12 X 18 X 20 Gr.;arcor-catalog
7790580106430;JUGO EN POLVO ARCOR NARANJA DULCE 12 X 18 X 20 Gr.;ARCOR;ALIMENTOS;1010643;1010643;JUGO EN POLVO ARCOR NARANJA DULCE 12 X 18 X 20 Gr.;arcor-catalog
7790580106393;JUGO EN POLVO ARCOR NARANJA DURAZNO 12 X 18 X 20 Gr.;ARCOR;ALIMENTOS;1010639;1010639;JUGO EN POLVO ARCOR NARANJA DURAZNO 12 X 18 X 20 Gr.;arcor-catalog
;JUGO MANZANA ARCOR 1LT;ARCOR;;14198;;;sin-match
;JUGO MULTIFRUTA ARCOR 1LT;ARCOR;;14201;;;sin-match
;JUGO NARANJA ARCOR 1LT;ARCOR;;14196;;;sin-match
;JUGO TETRA ARCOR MANZA. x200cc.;ARCOR;;15040;;;sin-match
;JUGO TETRA ARCOR MULTIF x200cc.;ARCOR;;15041;;;sin-match
;JUGO TETRA ARCOR NARAN. x200cc.;ARCOR;;15039;;;sin-match
7790580105419;JUGO TETRA.ARCOR.MANZ. X200CC;ARCOR;ALIMENTOS;10541;1010541;JUGOS ARCOR 200 ML MANZANA 24 X 200 Ml.;alta
7790580105389;JUGO TETRA.ARCOR.MULTIF. X200CC;ARCOR;ALIMENTOS;10538;1010538;JUGOS ARCOR 200 ML MULTIFRUTA 24 X 200 Ml.;alta
7790580005405;JUGO TETRA.ARCOR.NARAN. X200C;ARCOR;ALIMENTOS;10540;1010540;JUGOS ARCOR 200 ML NARANJA 24 X 200 Ml.;alta
7790580105419;JUGOS ARCOR 200 ML MANZANA 24 X 200 Ml.;ARCOR;ALIMENTOS;1010541;1010541;JUGOS ARCOR 200 ML MANZANA 24 X 200 Ml.;arcor-catalog
7790580105389;JUGOS ARCOR 200 ML MULTIFRUTA 24 X 200 Ml.;ARCOR;ALIMENTOS;1010538;1010538;JUGOS ARCOR 200 ML MULTIFRUTA 24 X 200 Ml.;arcor-catalog
7790580005405;JUGOS ARCOR 200 ML NARANJA 24 X 200 Ml.;ARCOR;ALIMENTOS;1010540;1010540;JUGOS ARCOR 200 ML NARANJA 24 X 200 Ml.;arcor-catalog
7790580411541;JUGOS EN POLVO ARCOR FRUTILLA 12 X 18 X 20 Gr.;ARCOR;ALIMENTOS;1012143;1012143;JUGOS EN POLVO ARCOR FRUTILLA 12 X 18 X 20 Gr.;arcor-catalog
7790580111663;JUGOS EN POLVO BC ANANÁ 16 X 18 X 9 Gr.;ARCOR;LA CAMPAGNOLA;1011166;1011166;JUGOS EN POLVO BC ANANÁ 16 X 18 X 9 Gr.;arcor-catalog
7790580984205;JUGOS EN POLVO BC LIMONADA 16 X 18 X 9.3 Gr.;ARCOR;LA CAMPAGNOLA;1009842;1009842;JUGOS EN POLVO BC LIMONADA 16 X 18 X 9.3 Gr.;arcor-catalog
7790580984304;JUGOS EN POLVO BC MANGO NARANJA 16 X 18 X 7.9 Gr.;ARCOR;LA CAMPAGNOLA;1009843;1009843;JUGOS EN POLVO BC MANGO NARANJA 16 X 18 X 7.9 Gr.;arcor-catalog
7790580984700;JUGOS EN POLVO BC MANZANA ROJA 16 X 18 X 8.5 Gr.;ARCOR;LA CAMPAGNOLA;1009847;1009847;JUGOS EN POLVO BC MANZANA ROJA 16 X 18 X 8.5 Gr.;arcor-catalog
7790580984106;JUGOS EN POLVO BC NARANJA 16 X 18 X 9.7 Gr.;ARCOR;LA CAMPAGNOLA;1009841;1009841;JUGOS EN POLVO BC NARANJA 16 X 18 X 9.7 Gr.;arcor-catalog
7790580984403;JUGOS EN POLVO BC NARANJA DULCE 16 X 18 X 9.5 Gr.;ARCOR;LA CAMPAGNOLA;1009844;1009844;JUGOS EN POLVO BC NARANJA DULCE 16 X 18 X 9.5 Gr.;arcor-catalog
7790580111700;JUGOS EN POLVO BC NARANJA DURAZNO 16 X 18 X 9 Gr.;ARCOR;LA CAMPAGNOLA;1011170;1011170;JUGOS EN POLVO BC NARANJA DURAZNO 16 X 18 X 9 Gr.;arcor-catalog
7790580117450;KOPA CHOCOLATE 12 X 190 Cc.;ARCOR;HELADOS;1011745;1011745;KOPA CHOCOLATE 12 X 190 Cc.;arcor-catalog
7790580117443;KOPA DULCE DE LECHE 12 X 190 Cc.;ARCOR;HELADOS;1011744;1011744;KOPA DULCE DE LECHE 12 X 190 Cc.;arcor-catalog
7790580117467;KOPA FRUTILLA 12 X 190 Cc.;ARCOR;HELADOS;1011746;1011746;KOPA FRUTILLA 12 X 190 Cc.;arcor-catalog
;LA VACA LECHERA x 520G;ARCOR;;13650;;;sin-match
;LC ATUN AHUMADO x170g.;ARCOR;;14460;;;sin-match
;LC KETCHUP AMERICANO x250g.;ARCOR;;15045;;;sin-match
;LC MERM FRUTOS ROJOS x454g.;ARCOR;;14895;;;sin-match
7790580106003;LECHE ARCOR CHOCOMANI 12 x 125 Un.;ARCOR;GOLOSINAS;1001060;1001060;LECHE ARCOR CHOCOMANI 12 x 125 Un.;arcor-catalog
7790580110109;LECHE ARCOR CREMINO COCO 6 x 940 Gr.;ARCOR;GOLOSINAS;1001100;1001100;LECHE ARCOR CREMINO COCO 6 x 940 Gr.;arcor-catalog
7790580103248;LECHE ARCOR CREMINO SURTIDO 36 x 150 Gr.;ARCOR;GOLOSINAS;1010324;1010324;LECHE ARCOR CREMINO SURTIDO 36 x 150 Gr.;arcor-catalog
7790580110208;LECHE ARCOR CREMINO SURTIDO 6 x 940 Gr.;ARCOR;GOLOSINAS;1001104;1001104;LECHE ARCOR CREMINO SURTIDO 6 x 940 Gr.;arcor-catalog
7790580108304;LECHE ARCOR DULCILAC 10 x 120 Un.;ARCOR;GOLOSINAS;1001083;1001083;LECHE ARCOR DULCILAC 10 x 120 Un.;arcor-catalog
7790580104207;LECHE ARCOR HOLANDA 24 x 50 Gr.;ARCOR;GOLOSINAS;1001042;1001042;LECHE ARCOR HOLANDA 24 x 50 Gr.;arcor-catalog
7790580106409;LECHE ARCOR LA VACA LECHERA 16 x 576 Gr.;ARCOR;GOLOSINAS;1001064;1001064;LECHE ARCOR LA VACA LECHERA 16 x 576 Gr.;arcor-catalog
;LENTEJAS SEC.REMOJ.ARCORx300g.;ARCOR;;13245;;;sin-match
7790580121921;LICENCIAS CINDOR 24 X 60 Cc.;ARCOR;HELADOS;1012192;1012192;LICENCIAS CINDOR 24 X 60 Cc.;arcor-catalog
7790580524203;LICENCIAS FANTA 16 X 80 Cc.;ARCOR;HELADOS;1011339;1011339;LICENCIAS FANTA 16 X 80 Cc.;arcor-catalog
7790580121983;LICENCIAS PALITO SUPER PISTOLA 20 X 50 Cc.;ARCOR;HELADOS;1012198;1012198;LICENCIAS PALITO SUPER PISTOLA 20 X 50 Cc.;arcor-catalog
7790580223205;LOTSA FIZZ x 48u.;ARCOR;GOLOSINAS;2232;1002232;RELLENOS ARCOR LOTSA FIZZ 12 x 48 x 18,4 Gr.;alta
;MANA ACARAMELADA x145g.;ARCOR;;15190;;;sin-match
;MANA C/LECHE x136g;ARCOR;;13781;;;sin-match
;MANA CHOCOLATADA x136g;ARCOR;;13791;;;sin-match
;MANA LIMON x136g;ARCOR;;13782;;;sin-match
;MANA LIVIANA VAIN.x 393Gr.;ARCOR;;13784;;;sin-match
;MANA PETIT x140g;ARCOR;;14116;;;sin-match
;MANA RELL. CHO/VAI x152g;ARCOR;;13323;;;sin-match
;MANA RELL. LIMON 152g;ARCOR;;13325;;;sin-match
;MANA RELL. VAI/CHO x152g;ARCOR;;13324;;;sin-match
;MANA RELL.VAI/FRU x152g;ARCOR;;13326;;;sin-match
7790580439309;MANA RELLENA PAQUETE CHOCOLATE 36 X 165 Gr.;ARCOR;GALLETAS;1004393;1004393;MANA RELLENA PAQUETE CHOCOLATE 36 X 165 Gr.;arcor-catalog
7790580439002;MANA RELLENA PAQUETE FRUTILLA 36 X 165 Gr.;ARCOR;GALLETAS;1004390;1004390;MANA RELLENA PAQUETE FRUTILLA 36 X 165 Gr.;arcor-catalog
7790580439200;MANA RELLENA PAQUETE VAINILLA 36 X 165 Gr.;ARCOR;GALLETAS;1004392;1004392;MANA RELLENA PAQUETE VAINILLA 36 X 165 Gr.;arcor-catalog
;MANA VAINILLA x136g.;ARCOR;;13783;;;sin-match
7790580129040;MANI BAÑADO ARCOR x35gr;ARCOR;CHOCOLATES;12904;1012904;MANÍ BAÑADO ARCOR 12 X 16 X 35 Gr.;alta
7790580110284;MANI C/CHOCOLATE BLOCKx40g.;ARCOR;CHOCOLATES;11028;1011028;MANÍ C/CHOCOLATE BLOCK MANÍ CON CHOCOLATE BLOCK 60 X 40 Gr.;alta
7790580129040;MANÍ BAÑADO ARCOR 12 X 16 X 35 Gr.;ARCOR;CHOCOLATES;1012904;1012904;MANÍ BAÑADO ARCOR 12 X 16 X 35 Gr.;arcor-catalog
7790580110284;MANÍ C/CHOCOLATE BLOCK MANÍ CON CHOCOLATE BLOCK 60 X 40 Gr.;ARCOR;CHOCOLATES;1011028;1011028;MANÍ C/CHOCOLATE BLOCK MANÍ CON CHOCOLATE BLOCK 60 X 40 Gr.;arcor-catalog
7790580121457;MANÍ ROCKLETS 40 GRS 12 X 16 X 40 Gr.;ARCOR;CHOCOLATES;1012145;1012145;MANÍ ROCKLETS 40 GRS 12 X 16 X 40 Gr.;arcor-catalog
7790580735104;MAST. PLEGADOS ARCOR MASTICABLES 16 x 700 Gr.;ARCOR;GOLOSINAS;1007351;1007351;MAST. PLEGADOS ARCOR MASTICABLES 16 x 700 Gr.;arcor-catalog
7790580101107;MAST. PLEGADOS ARCOR MASTICABLES 36 x 150 Gr.;ARCOR;GOLOSINAS;1010110;1010110;MAST. PLEGADOS ARCOR MASTICABLES 36 x 150 Gr.;arcor-catalog
7790580122799;MASTIC. DOBLE RET. ARCOR CRAZY 10 x 800 Gr.;ARCOR;GOLOSINAS;1012279;1012279;MASTIC. DOBLE RET. ARCOR CRAZY 10 x 800 Gr.;arcor-catalog
7790580178208;MASTIC. DOBLE RET. ARCOR FRUTALES 10 x 800 Gr.;ARCOR;GOLOSINAS;1001782;1001782;MASTIC. DOBLE RET. ARCOR FRUTALES 10 x 800 Gr.;arcor-catalog
7790580121464;MASTIC. DOBLE RET. ARCOR YOGUS 10 x 800 Gr.;ARCOR;GOLOSINAS;1012146;1012146;MASTIC. DOBLE RET. ARCOR YOGUS 10 x 800 Gr.;arcor-catalog
7790580121266;MASTICABLES CONFITADOS CONFITADOS 8 x 16 x 40 Gr.;ARCOR;GOLOSINAS;1012126;1012126;MASTICABLES CONFITADOS CONFITADOS 8 x 16 x 40 Gr.;arcor-catalog
7790580122799;MASTICABLES CRAZY  x 800gr;ARCOR;GOLOSINAS;12279;1012279;MASTIC. DOBLE RET. ARCOR CRAZY 10 x 800 Gr.;alta
7790580178208;MASTICABLES FRUTA x800g;ARCOR;GOLOSINAS;1782;1001782;MASTIC. DOBLE RET. ARCOR FRUTALES 10 x 800 Gr.;alta
7790580107987;MEDALLON MENTA AGUILA 15 X 14gr;ARCOR;CHOCOLATES;10798;1010798;BOCADITOS AGUILA BOCADITO MENTA 24 X 15 X 14 Gr.;alta
7790580505806;MEMBRILLO CAJON x 5Kg.;ARCOR;ALIMENTOS;5058;1005058;DULCE MEMBRILLO ARCOR CAJÓN 5 Kg.;alta
7790580504601;MEMBRILLO ESTUCHE x 500Gr.;ARCOR;ALIMENTOS;5046;1005046;DULCE MEMBRILLO ARCOR ESTUCHE 12 X 500 Gr.;alta
;MEMBRILLO LATA x5Kg.;ARCOR;;6817;;;sin-match
;MEMBRILLO SACHET ARCOR x500g;ARCOR;;13286;;;sin-match
;MENTA CHOCOLATE x80g.;ARCOR;;15212;;;sin-match
7790580468002;MENTHOP. S/AZUCAR CHERRY x12;ARCOR;GOLOSINAS;4680;1004680;MENTHOPLUS SIN AZÚCAR CHERRY 12 x 12 x 26,6 Gr.;alta
7790580468101;MENTHOP. S/AZUCAR DURAZNO x12u;ARCOR;GOLOSINAS;4681;1004681;MENTHOPLUS SIN AZÚCAR DURAZNO 12 x 12 x 26,6 Gr.;alta
7790580468200;MENTHOP. S/AZUCAR MTOL.x12u.;ARCOR;GOLOSINAS;4682;1004682;MENTHOPLUS SIN AZÚCAR MENTOL 12 x 12 x 26,6 Gr.;alta
7790580100575;MENTHOP. S/AZUCAR STRONG x12u.;ARCOR;GOLOSINAS;10057;1010057;MENTHOPLUS SIN AZÚCAR STRONG 12 x 12 x 26,6 Gr.;alta
7790580217006;MENTHOPLUS 2 ACIDO CHERRI x12;ARCOR;GOLOSINAS;2170;1002170;MENTHOPLUS 2 BLACK CHERRY 12 x 12 x 27,2 Gr.;alta
7790580110901;MENTHOPLUS 2 ACIDO MANZANA 12x28g.;ARCOR;GOLOSINAS;11090;1011090;MENTHOPLUS 2 MANZANA 12 x 12 x 28 Gr.;alta
7790580242602;MENTHOPLUS 2 ACIDO NARANJA X12;ARCOR;GOLOSINAS;2426;1002426;MENTHOPLUS 2 NARANJA 12 x 12 x 27,2 Gr.;alta
7790580217006;MENTHOPLUS 2 BLACK CHERRY 12 x 12 x 27,2 Gr.;ARCOR;GOLOSINAS;1002170;1002170;MENTHOPLUS 2 BLACK CHERRY 12 x 12 x 27,2 Gr.;arcor-catalog
;MENTHOPLUS 2 CAFE LATTE 29x3,5g;ARCOR;;13883;;;sin-match
7790580115548;MENTHOPLUS 2 CAFE LATTE x12u;ARCOR;GOLOSINAS;11554;1011554;MENTHOPLUS 2 CAFÉ LATTE 12 x 12 x 28 Gr.;alta
7790580115548;MENTHOPLUS 2 CAFÉ LATTE 12 x 12 x 28 Gr.;ARCOR;GOLOSINAS;1011554;1011554;MENTHOPLUS 2 CAFÉ LATTE 12 x 12 x 28 Gr.;arcor-catalog
;MENTHOPLUS 2 CEREZA 29x3,5g;ARCOR;;13882;;;sin-match
;MENTHOPLUS 2 DDL x12u.;ARCOR;;13797;;;sin-match
;MENTHOPLUS 2 FTLLA x12u.;ARCOR;;14830;;;sin-match
7790580110901;MENTHOPLUS 2 MANZANA 12 x 12 x 28 Gr.;ARCOR;GOLOSINAS;1011090;1011090;MENTHOPLUS 2 MANZANA 12 x 12 x 28 Gr.;arcor-catalog
7790580123161;MENTHOPLUS 2 MENTOL 12 x 12 x 28 Gr.;ARCOR;GOLOSINAS;1012316;1012316;MENTHOPLUS 2 MENTOL 12 x 12 x 28 Gr.;arcor-catalog
7790580242602;MENTHOPLUS 2 NARANJA 12 x 12 x 27,2 Gr.;ARCOR;GOLOSINAS;1002426;1002426;MENTHOPLUS 2 NARANJA 12 x 12 x 27,2 Gr.;arcor-catalog
7790580101299;MENTHOPLUS CHERRY  x12u;ARCOR;GOLOSINAS;10129;1010129;MENTHOPLUS REGULAR CHERRY 12 x 12 x 29,4 Gr.;alta
;MENTHOPLUS COMP BERRIES x30g;ARCOR;;13712;;;sin-match
;MENTHOPLUS COMP BERRY 6x25g;ARCOR;;14728;;;sin-match
;MENTHOPLUS COMP MENTA x30g;ARCOR;;13711;;;sin-match
7790580101329;MENTHOPLUS MENTA x12u;ARCOR;GOLOSINAS;10132;1010132;MENTHOPLUS REGULAR MENTA 12 x 12 x 29,4 Gr.;alta
7790580101282;MENTHOPLUS MENTHOL x12u;ARCOR;GOLOSINAS;10128;1010128;MENTHOPLUS REGULAR MENTOL 12 x 12 x 29,4 Gr.;alta
7790580101312;MENTHOPLUS MIEL x 12u;ARCOR;GOLOSINAS;10131;1010131;MENTHOPLUS REGULAR MIEL 12 x 12 x 29,4 Gr.;alta
7790580101299;MENTHOPLUS REGULAR CHERRY 12 x 12 x 29,4 Gr.;ARCOR;GOLOSINAS;1010129;1010129;MENTHOPLUS REGULAR CHERRY 12 x 12 x 29,4 Gr.;arcor-catalog
7790580127053;MENTHOPLUS REGULAR CHERRY 60 x 3 x 29,4 Gr.;ARCOR;GOLOSINAS;1012705;1012705;MENTHOPLUS REGULAR CHERRY 60 x 3 x 29,4 Gr.;arcor-catalog
7790580101329;MENTHOPLUS REGULAR MENTA 12 x 12 x 29,4 Gr.;ARCOR;GOLOSINAS;1010132;1010132;MENTHOPLUS REGULAR MENTA 12 x 12 x 29,4 Gr.;arcor-catalog
7790580101282;MENTHOPLUS REGULAR MENTOL 12 x 12 x 29,4 Gr.;ARCOR;GOLOSINAS;1010128;1010128;MENTHOPLUS REGULAR MENTOL 12 x 12 x 29,4 Gr.;arcor-catalog
7790580127060;MENTHOPLUS REGULAR MENTOL 60 x 3 x 29,4 Gr.;ARCOR;GOLOSINAS;1012706;1012706;MENTHOPLUS REGULAR MENTOL 60 x 3 x 29,4 Gr.;arcor-catalog
7790580101312;MENTHOPLUS REGULAR MIEL 12 x 12 x 29,4 Gr.;ARCOR;GOLOSINAS;1010131;1010131;MENTHOPLUS REGULAR MIEL 12 x 12 x 29,4 Gr.;arcor-catalog
7790580116934;MENTHOPLUS REGULAR STRONG 12 x 12 x 29,4 Gr.;ARCOR;GOLOSINAS;1010130;1010130;MENTHOPLUS REGULAR STRONG 12 x 12 x 29,4 Gr.;arcor-catalog
7790580727406;MENTHOPLUS RESTO POWERADE MOUNTAIN BLAST 12 x 12 x 8 Un.;ARCOR;GOLOSINAS;1007274;1007274;MENTHOPLUS RESTO POWERADE MOUNTAIN BLAST 12 x 12 x 8 Un.;arcor-catalog
7790580468002;MENTHOPLUS SIN AZÚCAR CHERRY 12 x 12 x 26,6 Gr.;ARCOR;GOLOSINAS;1004680;1004680;MENTHOPLUS SIN AZÚCAR CHERRY 12 x 12 x 26,6 Gr.;arcor-catalog
7790580468101;MENTHOPLUS SIN AZÚCAR DURAZNO 12 x 12 x 26,6 Gr.;ARCOR;GOLOSINAS;1004681;1004681;MENTHOPLUS SIN AZÚCAR DURAZNO 12 x 12 x 26,6 Gr.;arcor-catalog
7790580468200;MENTHOPLUS SIN AZÚCAR MENTOL 12 x 12 x 26,6 Gr.;ARCOR;GOLOSINAS;1004682;1004682;MENTHOPLUS SIN AZÚCAR MENTOL 12 x 12 x 26,6 Gr.;arcor-catalog
7790580126834;MENTHOPLUS SIN AZÚCAR SANDÍA 12 x 12 x 26,6 Gr.;ARCOR;GOLOSINAS;1012683;1012683;MENTHOPLUS SIN AZÚCAR SANDÍA 12 x 12 x 26,6 Gr.;arcor-catalog
7790580100575;MENTHOPLUS SIN AZÚCAR STRONG 12 x 12 x 26,6 Gr.;ARCOR;GOLOSINAS;1010057;1010057;MENTHOPLUS SIN AZÚCAR STRONG 12 x 12 x 26,6 Gr.;arcor-catalog
7790580116934;MENTHOPLUS STRONG x12u;ARCOR;GOLOSINAS;10130;1010130;MENTHOPLUS REGULAR STRONG 12 x 12 x 29,4 Gr.;alta
7790580108816;MENTHOPLUS VITAMIN FRUTILLA 12 x 12 x 29,4 Gr.;ARCOR;GOLOSINAS;1011881;1011881;MENTHOPLUS VITAMIN FRUTILLA 12 x 12 x 29,4 Gr.;arcor-catalog
7790580108809;MENTHOPLUS VITAMIN LIMONx12u.;ARCOR;GOLOSINAS;11880;1011880;MENTHOPLUS VITAMIN LIMÓN 12 x 12 x 29,4 Gr.;alta
7790580108809;MENTHOPLUS VITAMIN LIMÓN 12 x 12 x 29,4 Gr.;ARCOR;GOLOSINAS;1011880;1011880;MENTHOPLUS VITAMIN LIMÓN 12 x 12 x 29,4 Gr.;arcor-catalog
7790580121303;MERM. S/AZU DURAZNO ARC x 390gr;ARCOR;ALIMENTOS;12130;1012130;MERMELADA FR. ARCOR SIN AZÚCAR DURAZNO 12 X 390 Gr.;alta
7790580121310;MERM. S/AZU FRUTILLA ARC x 390gr;ARCOR;ALIMENTOS;12131;1012131;MERMELADA FR. ARCOR SIN AZÚCAR FRUTILLA 12 X 390 Gr.;alta
7790580126933;MERM. S/AZU NARANJA ARC. x390g;ARCOR;ALIMENTOS;12693;1012693;MERMELADA FR. ARCOR SIN AZÚCAR NARANJA 12 X 390 Gr.;alta
;MERM.CIRUELA x454g;ARCOR;;13220;;;sin-match
;MERM.DAMASCO x 454 P.A;ARCOR;;13217;;;sin-match
;MERM.DIET CIRUELA x390g;ARCOR;;13224;;;sin-match
;MERM.DIET DAMASCO.x390;ARCOR;;13223;;;sin-match
;MERM.DIET DURAZNO x390g;ARCOR;;13222;;;sin-match
;MERM.DIET FRUTILLA x390g;ARCOR;;13225;;;sin-match
;MERM.DIET NARANJA x390g;ARCOR;;13226;;;sin-match
;MERM.DURAZNO x 454g;ARCOR;;13216;;;sin-match
;MERM.FRUTILLA x454g;ARCOR;;13218;;;sin-match
;MERM.NARANJA x454g;ARCOR;;13219;;;sin-match
7790580126926;MERMELADA FR. ARCOR SIN AZÚCAR CIRUELA 12 X 390 Gr.;ARCOR;ALIMENTOS;1012692;1012692;MERMELADA FR. ARCOR SIN AZÚCAR CIRUELA 12 X 390 Gr.;arcor-catalog
7790580121303;MERMELADA FR. ARCOR SIN AZÚCAR DURAZNO 12 X 390 Gr.;ARCOR;ALIMENTOS;1012130;1012130;MERMELADA FR. ARCOR SIN AZÚCAR DURAZNO 12 X 390 Gr.;arcor-catalog
7790580121310;MERMELADA FR. ARCOR SIN AZÚCAR FRUTILLA 12 X 390 Gr.;ARCOR;ALIMENTOS;1012131;1012131;MERMELADA FR. ARCOR SIN AZÚCAR FRUTILLA 12 X 390 Gr.;arcor-catalog
7790580126933;MERMELADA FR. ARCOR SIN AZÚCAR NARANJA 12 X 390 Gr.;ARCOR;ALIMENTOS;1012693;1012693;MERMELADA FR. ARCOR SIN AZÚCAR NARANJA 12 X 390 Gr.;arcor-catalog
7790580509309;MERMELADA FRASCO ARCOR CIRUELA 12 X 454 Gr.;ARCOR;ALIMENTOS;1005093;1005093;MERMELADA FRASCO ARCOR CIRUELA 12 X 454 Gr.;arcor-catalog
7790580509408;MERMELADA FRASCO ARCOR DAMASCO 12 X 454 Gr.;ARCOR;ALIMENTOS;1005094;1005094;MERMELADA FRASCO ARCOR DAMASCO 12 X 454 Gr.;arcor-catalog
7790580509507;MERMELADA FRASCO ARCOR DURAZNO 12 X 454 Gr.;ARCOR;ALIMENTOS;1005095;1005095;MERMELADA FRASCO ARCOR DURAZNO 12 X 454 Gr.;arcor-catalog
7790580509606;MERMELADA FRASCO ARCOR FRUTILLA 12 X 454 Gr.;ARCOR;ALIMENTOS;1005096;1005096;MERMELADA FRASCO ARCOR FRUTILLA 12 X 454 Gr.;arcor-catalog
7790580511500;MERMELADA FRASCO ARCOR LIGHT CIRUELA 12 X 390 Gr.;ARCOR;ALIMENTOS;1005115;1005115;MERMELADA FRASCO ARCOR LIGHT CIRUELA 12 X 390 Gr.;arcor-catalog
7790580511401;MERMELADA FRASCO ARCOR LIGHT DAMASCO 12 X 390 Gr.;ARCOR;ALIMENTOS;1005114;1005114;MERMELADA FRASCO ARCOR LIGHT DAMASCO 12 X 390 Gr.;arcor-catalog
7790580511302;MERMELADA FRASCO ARCOR LIGHT DURAZNO 12 X 390 Gr.;ARCOR;ALIMENTOS;1005113;1005113;MERMELADA FRASCO ARCOR LIGHT DURAZNO 12 X 390 Gr.;arcor-catalog
7790580511708;MERMELADA FRASCO ARCOR LIGHT FRUTILLA 12 X 390 Gr.;ARCOR;ALIMENTOS;1005117;1005117;MERMELADA FRASCO ARCOR LIGHT FRUTILLA 12 X 390 Gr.;arcor-catalog
7790580511609;MERMELADA FRASCO ARCOR LIGHT NARANJA 12 X 390 Gr.;ARCOR;ALIMENTOS;1005116;1005116;MERMELADA FRASCO ARCOR LIGHT NARANJA 12 X 390 Gr.;arcor-catalog
7790580509804;MERMELADA FRASCO ARCOR NARANJA 12 X 454 Gr.;ARCOR;ALIMENTOS;1005098;1005098;MERMELADA FRASCO ARCOR NARANJA 12 X 454 Gr.;arcor-catalog
;MINI COFLER LECHE 16x18g;ARCOR;;13013;;;sin-match
;MINI COFLER LECHE ROCK 16x18g;ARCOR;;14154;;;sin-match
;MINI TUB MOG EXT FRUT x500g.;ARCOR;;14748;;;sin-match
;MINI TUB MOG EXT TUT x500g.;ARCOR;;14750;;;sin-match
;MOG.EXT PALOTES BLUE 70x8g;ARCOR;;13841;;;sin-match
;MOG.EXT PALOTES PICANTES 8x48g.;ARCOR;;15120;;;sin-match
;MOG.EXT PALOTES SANDIA 70x8g;ARCOR;;13879;;;sin-match
;MOG.EXT PALOTES TUTTI 70x8g;ARCOR;;13878;;;sin-match
;MOGUL ANILLOS x220g;ARCOR;;12890;;;sin-match
;MOGUL ANILLOS x80g.;ARCOR;;15221;;;sin-match
7790580309602;MOGUL ANILLOx1k;ARCOR;GOLOSINAS;3096;1003096;MOGUL GRANEL ANILLOS 6 x 1 Kg.;alta
;MOGUL BANANITAS 12x30g.;ARCOR;;14677;;;sin-match
;MOGUL BAÑADOS x80g.;ARCOR;;13956;;;sin-match
;MOGUL BITES BAÑADOS x150g.;ARCOR;;15148;;;sin-match
7790580169305;MOGUL CEREBRITOS 12x30g;ARCOR;GOLOSINAS;1693;1001693;MOGUL INFANTILES CEREBRITOS 12 x 12 x 30 Gr.;alta
;MOGUL COLA 12x30g.;ARCOR;;14999;;;sin-match
;MOGUL COLA x500g.;ARCOR;;15146;;;sin-match
;MOGUL CONITOS YOGUS x500g;ARCOR;;13402;;;sin-match
;MOGUL CONITOS x220g;ARCOR;;13099;;;sin-match
;MOGUL CONITOS x80g.;ARCOR;;15223;;;sin-match
;MOGUL DIENTES 10x50g;ARCOR;;13751;;;sin-match
7790580259600;MOGUL DIENTES X150G;ARCOR;GOLOSINAS;2596;1002596;MOGUL GRANEL DIENTES 24 x 150 Gr.;alta
7790580263102;MOGUL DIENTES x500g.;ARCOR;GOLOSINAS;2631;1002631;MOGUL GRANEL DIENTES 6 x 500 Gr.;alta
;MOGUL DIENTES x80g.;ARCOR;;15171;;;sin-match
7790580116453;MOGUL DINOS 12X30GR;ARCOR;GOLOSINAS;11645;1011645;MOGUL INFANTILES DINOS 12 x 12 x 30 Gr.;alta
;MOGUL EUCALIPTUS 10x50g;ARCOR;;13011;;;sin-match
7790580309206;MOGUL EUCALIPTUS x1Kg.;ARCOR;GOLOSINAS;3092;1003092;MOGUL GRANEL EUCALIPTUS 6 x 1 Kg.;alta
;MOGUL EUCALIPTUS x220gr;ARCOR;;12891;;;sin-match
;MOGUL EUCALIPTUS x80g.;ARCOR;;15222;;;sin-match
;MOGUL EXTREME ROCKS 10x45gr;ARCOR;;13748;;;sin-match
;MOGUL EXTREME ROCKS x150g;ARCOR;;14512;;;sin-match
;MOGUL EXTREME TUBITOS x70g;ARCOR;;13411;;;sin-match
;MOGUL FRUTALES 10x50g;ARCOR;;13012;;;sin-match
7790580311315;MOGUL FRUTALES X1K;ARCOR;GOLOSINAS;3113;1003113;MOGUL GRANEL CONITOS 6 x 1 Kg.;alta
7790580107475;MOGUL FRUTILLA Y CREMAx500g.;ARCOR;GOLOSINAS;10747;1010747;MOGUL GRANEL FRUTILLAS Y CREMA 6 x 500 Gr.;alta
7790580123925;MOGUL FRUTILLAS ACIDAS X500G;ARCOR;GOLOSINAS;12392;1012392;MOGUL GRANEL FRUTILLAS ÁCIDAS 6 x 500 Gr.;alta
7790580128425;MOGUL FRUTILLAS ACIDAS x150g;ARCOR;GOLOSINAS;12842;1012842;MOGUL GRANEL FRUTILLAS ÁCIDAS 24 x 150 Gr.;alta
7790580436902;MOGUL GRANEL ANILLOS 16 x 250 Gr.;ARCOR;GOLOSINAS;1004369;1004369;MOGUL GRANEL ANILLOS 16 x 250 Gr.;arcor-catalog
7790580309602;MOGUL GRANEL ANILLOS 6 x 1 Kg.;ARCOR;GOLOSINAS;1003096;1003096;MOGUL GRANEL ANILLOS 6 x 1 Kg.;arcor-catalog
7790580106935;MOGUL GRANEL BOMBÓN DE FRUTA 12 x 500 Gr.;ARCOR;GOLOSINAS;1010693;1010693;MOGUL GRANEL BOMBÓN DE FRUTA 12 x 500 Gr.;arcor-catalog
7790580602406;MOGUL GRANEL CONITOS 16 x 250 Gr.;ARCOR;GOLOSINAS;1006024;1006024;MOGUL GRANEL CONITOS 16 x 250 Gr.;arcor-catalog
7790580311315;MOGUL GRANEL CONITOS 6 x 1 Kg.;ARCOR;GOLOSINAS;1003113;1003113;MOGUL GRANEL CONITOS 6 x 1 Kg.;arcor-catalog
7790580116361;MOGUL GRANEL CRAZY 6 x 500 Gr.;ARCOR;GOLOSINAS;1011636;1011636;MOGUL GRANEL CRAZY 6 x 500 Gr.;arcor-catalog
7790580259600;MOGUL GRANEL DIENTES 24 x 150 Gr.;ARCOR;GOLOSINAS;1002596;1002596;MOGUL GRANEL DIENTES 24 x 150 Gr.;arcor-catalog
7790580263102;MOGUL GRANEL DIENTES 6 x 500 Gr.;ARCOR;GOLOSINAS;1002631;1002631;MOGUL GRANEL DIENTES 6 x 500 Gr.;arcor-catalog
7790580602314;MOGUL GRANEL EUCALIPTUS 16 x 250 Gr.;ARCOR;GOLOSINAS;1006023;1006023;MOGUL GRANEL EUCALIPTUS 16 x 250 Gr.;arcor-catalog
7790580309206;MOGUL GRANEL EUCALIPTUS 6 x 1 Kg.;ARCOR;GOLOSINAS;1003092;1003092;MOGUL GRANEL EUCALIPTUS 6 x 1 Kg.;arcor-catalog
7790580107475;MOGUL GRANEL FRUTILLAS Y CREMA 6 x 500 Gr.;ARCOR;GOLOSINAS;1010747;1010747;MOGUL GRANEL FRUTILLAS Y CREMA 6 x 500 Gr.;arcor-catalog
7790580128425;MOGUL GRANEL FRUTILLAS ÁCIDAS 24 x 150 Gr.;ARCOR;GOLOSINAS;1012842;1012842;MOGUL GRANEL FRUTILLAS ÁCIDAS 24 x 150 Gr.;arcor-catalog
7790580123925;MOGUL GRANEL FRUTILLAS ÁCIDAS 6 x 500 Gr.;ARCOR;GOLOSINAS;1012392;1012392;MOGUL GRANEL FRUTILLAS ÁCIDAS 6 x 500 Gr.;arcor-catalog
7790580617103;MOGUL GRANEL GUSANITOS 6 x 500 Gr.;ARCOR;GOLOSINAS;1006171;1006171;MOGUL GRANEL GUSANITOS 6 x 500 Gr.;arcor-catalog
7790580118044;MOGUL GRANEL JELLY BUTTON 16 x 250 Gr.;ARCOR;GOLOSINAS;1011804;1011804;MOGUL GRANEL JELLY BUTTON 16 x 250 Gr.;arcor-catalog
7790580308100;MOGUL GRANEL JELLY BUTTON 6 x 1 Kg.;ARCOR;GOLOSINAS;1003081;1003081;MOGUL GRANEL JELLY BUTTON 6 x 1 Kg.;arcor-catalog
7790580123536;MOGUL GRANEL MORAS 16 x 250 Gr.;ARCOR;GOLOSINAS;1012353;1012353;MOGUL GRANEL MORAS 16 x 250 Gr.;arcor-catalog
7790580259402;MOGUL GRANEL MORAS 24 x 150 Gr.;ARCOR;GOLOSINAS;1002594;1002594;MOGUL GRANEL MORAS 24 x 150 Gr.;arcor-catalog
7790580262402;MOGUL GRANEL MORAS 6 x 500 Gr.;ARCOR;GOLOSINAS;1002624;1002624;MOGUL GRANEL MORAS 6 x 500 Gr.;arcor-catalog
7790580116354;MOGUL GRANEL MORAS CRAZY 6 x 500 Gr.;ARCOR;GOLOSINAS;1011635;1011635;MOGUL GRANEL MORAS CRAZY 6 x 500 Gr.;arcor-catalog
7790580123932;MOGUL GRANEL OSITOS 6 x 500 Gr.;ARCOR;GOLOSINAS;1012393;1012393;MOGUL GRANEL OSITOS 6 x 500 Gr.;arcor-catalog
7790580117849;MOGUL GRANEL OSO EXTREME 16 x 200 Gr.;ARCOR;GOLOSINAS;1011784;1011784;MOGUL GRANEL OSO EXTREME 16 x 200 Gr.;arcor-catalog
7790580121105;MOGUL GRANEL SANDIAS 6 x 500 Gr.;ARCOR;GOLOSINAS;1012110;1012110;MOGUL GRANEL SANDIAS 6 x 500 Gr.;arcor-catalog
7790580617103;MOGUL GUSANITOS ACIDOS x500g.;ARCOR;GOLOSINAS;6171;1006171;MOGUL GRANEL GUSANITOS 6 x 500 Gr.;alta
7790580123888;MOGUL INDIVIDUAL EUCALIPTUS 12 x 10 x 60 Gr.;ARCOR;GOLOSINAS;1012388;1012388;MOGUL INDIVIDUAL EUCALIPTUS 12 x 10 x 60 Gr.;arcor-catalog
7790580116408;MOGUL INDIVIDUAL FRUTALES 12 x 10 x 60 Gr.;ARCOR;GOLOSINAS;1011640;1011640;MOGUL INDIVIDUAL FRUTALES 12 x 10 x 60 Gr.;arcor-catalog
7790580105884;MOGUL INDIVIDUAL FRUTAS 12 x 12 x 25 Gr.;ARCOR;GOLOSINAS;1010588;1010588;MOGUL INDIVIDUAL FRUTAS 12 x 12 x 25 Gr.;arcor-catalog
7790580130237;MOGUL INDIVIDUAL OSO EXTREME 12 x 10 x 50 Gr.;ARCOR;GOLOSINAS;1013023;1013023;MOGUL INDIVIDUAL OSO EXTREME 12 x 10 x 50 Gr.;arcor-catalog
7790580116415;MOGUL INDIVIDUAL RODAJAS ÁCIDAS 12 x 10 x 60 Gr.;ARCOR;GOLOSINAS;1011641;1011641;MOGUL INDIVIDUAL RODAJAS ÁCIDAS 12 x 10 x 60 Gr.;arcor-catalog
7790580116460;MOGUL INDIVIDUAL ROLLO EXTREME 12 x 12 x 35 Gr.;ARCOR;GOLOSINAS;1011646;1011646;MOGUL INDIVIDUAL ROLLO EXTREME 12 x 12 x 35 Gr.;arcor-catalog
7790580130244;MOGUL INDIVIDUAL SANDÍA EXTREME 12 x 10 x 50 Gr.;ARCOR;GOLOSINAS;1013024;1013024;MOGUL INDIVIDUAL SANDÍA EXTREME 12 x 10 x 50 Gr.;arcor-catalog
7790580121167;MOGUL INDIVIDUAL TUTTI FRUTTI 12 x 10 x 60 Gr.;ARCOR;GOLOSINAS;1012116;1012116;MOGUL INDIVIDUAL TUTTI FRUTTI 12 x 10 x 60 Gr.;arcor-catalog
7790580169305;MOGUL INFANTILES CEREBRITOS 12 x 12 x 30 Gr.;ARCOR;GOLOSINAS;1001693;1001693;MOGUL INFANTILES CEREBRITOS 12 x 12 x 30 Gr.;arcor-catalog
7790580116453;MOGUL INFANTILES DINOS 12 x 12 x 30 Gr.;ARCOR;GOLOSINAS;1011645;1011645;MOGUL INFANTILES DINOS 12 x 12 x 30 Gr.;arcor-catalog
7790580405625;MOGUL INFANTILES MOGUL 24 x 80 Gr.;ARCOR;GOLOSINAS;1011289;1011289;MOGUL INFANTILES MOGUL 24 x 80 Gr.;arcor-catalog
7790580116446;MOGUL INFANTILES MONSTRUITOS 12 x 12 x 30 Gr.;ARCOR;GOLOSINAS;1011644;1011644;MOGUL INFANTILES MONSTRUITOS 12 x 12 x 30 Gr.;arcor-catalog
7790580199906;MOGUL INFANTILES OSITOS 12 x 12 x 30 Gr.;ARCOR;GOLOSINAS;1001999;1001999;MOGUL INFANTILES OSITOS 12 x 12 x 30 Gr.;arcor-catalog
7790580323721;MOGUL INFANTILES OSITOS 24 x 80 Gr.;ARCOR;GOLOSINAS;1011287;1011287;MOGUL INFANTILES OSITOS 24 x 80 Gr.;arcor-catalog
7790580617806;MOGUL INFANTILES PIECITOS 12 x 12 x 30 Gr.;ARCOR;GOLOSINAS;1006178;1006178;MOGUL INFANTILES PIECITOS 12 x 12 x 30 Gr.;arcor-catalog
7790580405618;MOGUL INFANTILES TIBURONCITOS 24 x 80 Gr.;ARCOR;GOLOSINAS;1011288;1011288;MOGUL INFANTILES TIBURONCITOS 24 x 80 Gr.;arcor-catalog
7790580200107;MOGUL INFANTILES TIBURÓN 12 x 12 x 30 Gr.;ARCOR;GOLOSINAS;1002001;1002001;MOGUL INFANTILES TIBURÓN 12 x 12 x 30 Gr.;arcor-catalog
7790580230104;MOGUL INFANTILES VIBORITAS 12 x 12 x 30 Gr.;ARCOR;GOLOSINAS;1002301;1002301;MOGUL INFANTILES VIBORITAS 12 x 12 x 30 Gr.;arcor-catalog
;MOGUL JELLY BEANS 10x50g;ARCOR;;14184;;;sin-match
;MOGUL JELLY BEANS x500g.;ARCOR;;14185;;;sin-match
;MOGUL JELLY BUTT x80g.;ARCOR;;15224;;;sin-match
;MOGUL JELLY BUTTON x220G;ARCOR;;12882;;;sin-match
;MOGUL LADR.EXT.FRULLAx100g.;ARCOR;;15273;;;sin-match
;MOGUL LADR.EXT.FRULLAx150g;ARCOR;;14165;;;sin-match
;MOGUL LADR.EXT.FRULLAx500g.;ARCOR;;14164;;;sin-match
;MOGUL LADR.EXT.MIX x500g.;ARCOR;;15109;;;sin-match
;MOGUL LENGUA MAX 24X15G;ARCOR;;14167;;;sin-match
7790580259402;MOGUL MORAS X150 G;ARCOR;GOLOSINAS;2594;1002594;MOGUL GRANEL MORAS 24 x 150 Gr.;alta
7790580262402;MOGUL MORAS x 500g;ARCOR;GOLOSINAS;2624;1002624;MOGUL GRANEL MORAS 6 x 500 Gr.;alta
;MOGUL MORAS x80g.;ARCOR;;15170;;;sin-match
7790580199906;MOGUL OSITOS 12x30g.;ARCOR;GOLOSINAS;1999;1001999;MOGUL INFANTILES OSITOS 12 x 12 x 30 Gr.;alta
;MOGUL OSITOS x150G;ARCOR;;13287;;;sin-match
7790580123932;MOGUL OSITOS x500g;ARCOR;GOLOSINAS;12393;1012393;MOGUL GRANEL OSITOS 6 x 500 Gr.;alta
7790580130237;MOGUL OSO EXTREME 10x50g;ARCOR;GOLOSINAS;13023;1013023;MOGUL INDIVIDUAL OSO EXTREME 12 x 10 x 50 Gr.;alta
7790580117849;MOGUL OSO EXTREME x200g.;ARCOR;GOLOSINAS;11784;1011784;MOGUL GRANEL OSO EXTREME 16 x 200 Gr.;alta
;MOGUL OSO EXTREME x500g.;ARCOR;;14799;;;sin-match
;MOGUL PALOTES SANDIA x120g;ARCOR;;14622;;;sin-match
;MOGUL PALOTES SURT x120g;ARCOR;;13881;;;sin-match
7790580617806;MOGUL PIECITOS 12x30g;ARCOR;GOLOSINAS;6178;1006178;MOGUL INFANTILES PIECITOS 12 x 12 x 30 Gr.;alta
;MOGUL RODAJAS ACIDAS 10x50g;ARCOR;;13010;;;sin-match
7790580116460;MOGUL ROLLO EXTREMEx12u.;ARCOR;GOLOSINAS;11646;1011646;MOGUL INDIVIDUAL ROLLO EXTREME 12 x 12 x 35 Gr.;alta
7790580130244;MOGUL SANDIA EXTREME 10x50g;ARCOR;GOLOSINAS;13024;1013024;MOGUL INDIVIDUAL SANDÍA EXTREME 12 x 10 x 50 Gr.;alta
;MOGUL SANDIA EXTREME x500g.;ARCOR;;14800;;;sin-match
7790580121105;MOGUL SANDIAS x 500g;ARCOR;GOLOSINAS;12110;1012110;MOGUL GRANEL SANDIAS 6 x 500 Gr.;alta
7790580200107;MOGUL TIBURON 12x30g;ARCOR;GOLOSINAS;2001;1002001;MOGUL INFANTILES TIBURÓN 12 x 12 x 30 Gr.;alta
;MOGUL TUTTI FRUTTI 10x50g;ARCOR;;13025;;;sin-match
7790580230104;MOGUL VIBORITAS 12x30g.;ARCOR;GOLOSINAS;2301;1002301;MOGUL INFANTILES VIBORITAS 12 x 12 x 30 Gr.;alta
;MORAS MOGUL 10x50g;ARCOR;;13121;;;sin-match
;MOSTACHOL ARCOR x500g.;ARCOR;;14236;;;sin-match
;MOÑOS ARCOR x500g;ARCOR;;13482;;;sin-match
7790580118099;MR POPS EVOLUTION BLUEBERRY 12 x 24 Un.;ARCOR;GOLOSINAS;1011809;1011809;MR POPS EVOLUTION BLUEBERRY 12 x 24 Un.;arcor-catalog
7790580118037;MR POPS EVOLUTION CHERRY 12 x 24 Un.;ARCOR;GOLOSINAS;1011803;1011803;MR POPS EVOLUTION CHERRY 12 x 24 Un.;arcor-catalog
7790580123857;MR POPS EVOLUTION EXTREME 12 x 24 Un.;ARCOR;GOLOSINAS;1012385;1012385;MR POPS EVOLUTION EXTREME 12 x 24 Un.;arcor-catalog
7790580118112;MR POPS EVOLUTION FEST 12 x 24 Un.;ARCOR;GOLOSINAS;1011811;1011811;MR POPS EVOLUTION FEST 12 x 24 Un.;arcor-catalog
7790580118129;MR POPS EVOLUTION PINTALENGUA 12 x 24 Un.;ARCOR;GOLOSINAS;1011949;1011949;MR POPS EVOLUTION PINTALENGUA 12 x 24 Un.;arcor-catalog
7790580116811;MR POPS EVOLUTION SURTIDO 12 x 24 Un.;ARCOR;GOLOSINAS;1011810;1011810;MR POPS EVOLUTION SURTIDO 12 x 24 Un.;arcor-catalog
;MR. POPS YOGUS x50u.;ARCOR;;13785;;;sin-match
;MR.POPS EVOL FRESH x24u.;ARCOR;;15135;;;sin-match
7790580118099;MR.POPS EVOL. BLUEBER X24U;ARCOR;GOLOSINAS;11809;1011809;MR POPS EVOLUTION BLUEBERRY 12 x 24 Un.;alta
7790580118037;MR.POPS EVOL. CEREZA x 24u;ARCOR;GOLOSINAS;11803;1011803;MR POPS EVOLUTION CHERRY 12 x 24 Un.;alta
7790580123857;MR.POPS EVOL. EXTR. DUO x 24u;ARCOR;GOLOSINAS;12385;1012385;MR POPS EVOLUTION EXTREME 12 x 24 Un.;alta
7790580118112;MR.POPS EVOL. FEST x24;ARCOR;GOLOSINAS;11811;1011811;MR POPS EVOLUTION FEST 12 x 24 Un.;alta
7790580118129;MR.POPS EVOL. P.LENGUA x24u;ARCOR;GOLOSINAS;11949;1011949;MR POPS EVOLUTION PINTALENGUA 12 x 24 Un.;alta
7790580116811;MR.POPS EVOL. SURTIDO x24u.;ARCOR;GOLOSINAS;11810;1011810;MR POPS EVOLUTION SURTIDO 12 x 24 Un.;alta
;MUFFINS CHIPS AGUILA x440g;ARCOR;;14193;;;sin-match
7790580125561;NATURAL BREAK INDIVIDUAL ENERGÍA 8 x 8 x 28 Gr.;ARCOR;GOLOSINAS;1012556;1012556;NATURAL BREAK INDIVIDUAL ENERGÍA 8 x 8 x 28 Gr.;arcor-catalog
7790580121099;NATURAL BREAK INDIVIDUAL FIBRA 8 x 8 x 30 Gr.;ARCOR;GOLOSINAS;1012109;1012109;NATURAL BREAK INDIVIDUAL FIBRA 8 x 8 x 30 Gr.;arcor-catalog
7790580125998;NATURAL BREAK INDIVIDUAL LIVIANO 8 x 8 x 24 Gr.;ARCOR;GOLOSINAS;1012599;1012599;NATURAL BREAK INDIVIDUAL LIVIANO 8 x 8 x 24 Gr.;arcor-catalog
7790580125554;NATURAL BREAK INDIVIDUAL NUTRITIVO 8 x 8 x 25 Gr.;ARCOR;GOLOSINAS;1012555;1012555;NATURAL BREAK INDIVIDUAL NUTRITIVO 8 x 8 x 25 Gr.;arcor-catalog
7790580124427;NATURAL BREAK STICKS BARRA FRUTOS ROJOS 6 x 20 x 40 Gr.;ARCOR;GOLOSINAS;1012570;1012570;NATURAL BREAK STICKS BARRA FRUTOS ROJOS 6 x 20 x 40 Gr.;arcor-catalog
7790580128678;NATURAL BREAK STICKS BARRA FRUTOS SECOS 6 x 20 x 33 Gr.;ARCOR;GOLOSINAS;1012867;1012867;NATURAL BREAK STICKS BARRA FRUTOS SECOS 6 x 20 x 33 Gr.;arcor-catalog
7790580119614;NUTRICIÓN MENSUAL CALCIO + VITAMINA D 6 X 60 Un.;ARCOR;NUTRICIÓN;1011961;1011961;NUTRICIÓN MENSUAL CALCIO + VITAMINA D 6 X 60 Un.;arcor-catalog
7790580125615;NUTRICIÓN MENSUAL DIETA CONTROL 24 x 12 x 8 Un.;ARCOR;NUTRICIÓN;1012561;1012561;NUTRICIÓN MENSUAL DIETA CONTROL 24 x 12 x 8 Un.;arcor-catalog
7790580118075;NUTRICIÓN MENSUAL FIBRA 6 X 60 Un.;ARCOR;NUTRICIÓN;1011807;1011807;NUTRICIÓN MENSUAL FIBRA 6 X 60 Un.;arcor-catalog
7790580118082;NUTRICIÓN MENSUAL VITALIDAD 6 X 60 Un.;ARCOR;NUTRICIÓN;1011808;1011808;NUTRICIÓN MENSUAL VITALIDAD 6 X 60 Un.;arcor-catalog
7790580125684;NUTRICIÓN SEMANAL CALCIO + VITAMINA D 12 X 28 Un.;ARCOR;NUTRICIÓN;1012568;1012568;NUTRICIÓN SEMANAL CALCIO + VITAMINA D 12 X 28 Un.;arcor-catalog
7790580125691;NUTRICIÓN SEMANAL FIBRA 12 X 28 Un.;ARCOR;NUTRICIÓN;1012569;1012569;NUTRICIÓN SEMANAL FIBRA 12 X 28 Un.;arcor-catalog
7790580125677;NUTRICIÓN SEMANAL VITALIDAD 12 X 28 Un.;ARCOR;NUTRICIÓN;1012567;1012567;NUTRICIÓN SEMANAL VITALIDAD 12 X 28 Un.;arcor-catalog
;OBLEA ARCOR MILK x20g;ARCOR;;14471;;;sin-match
;OBLEA ARCOR x20G;ARCOR;;13342;;;sin-match
7790580110130;OBLEA BOB LEC. XL x45g.;ARCOR;CHOCOLATES;11013;1011013;OBLEA BON O BON LECHE XL 8 X 16 X 45 Gr.;alta
7790580346607;OBLEA BON O BON BLANCO 8 X 20 X 30 Gr.;ARCOR;CHOCOLATES;1003466;1003466;OBLEA BON O BON BLANCO 8 X 20 X 30 Gr.;arcor-catalog
7790580346508;OBLEA BON O BON LECHE 8 X 20 X 30 Gr.;ARCOR;CHOCOLATES;1003465;1003465;OBLEA BON O BON LECHE 8 X 20 X 30 Gr.;arcor-catalog
7790580110130;OBLEA BON O BON LECHE XL 8 X 16 X 45 Gr.;ARCOR;CHOCOLATES;1011013;1011013;OBLEA BON O BON LECHE XL 8 X 16 X 45 Gr.;arcor-catalog
7790580346607;OBLEA BONoBON BCA.x30g.;ARCOR;CHOCOLATES;3466;1003466;OBLEA BON O BON BLANCO 8 X 20 X 30 Gr.;alta
7790580346508;OBLEA BONoBON LECHE x30g.;ARCOR;CHOCOLATES;3465;1003465;OBLEA BON O BON LECHE 8 X 20 X 30 Gr.;alta
;OBLEA CHOCOLINA XL x45g;ARCOR;;13341;;;sin-match
;OBLEA COF. BLOCK MAX x60g.;ARCOR;;15143;;;sin-match
7790580013806;OBLEA COFLER BLOCK 8 X 20 X 35 Gr.;ARCOR;CHOCOLATES;1010380;1010380;OBLEA COFLER BLOCK 8 X 20 X 35 Gr.;arcor-catalog
7790580120443;OBLEA COFLER BLOCK XL 8 X 16 X 54 Gr.;ARCOR;CHOCOLATES;1012044;1012044;OBLEA COFLER BLOCK XL 8 X 16 X 54 Gr.;arcor-catalog
;OBLEA COFLER BLOCK XL x45g;ARCOR;;13340;;;sin-match
7790580124090;OBLEA COFLER CHOCOLINAS XL 8 X 16 X 54 Gr.;ARCOR;CHOCOLATES;1012409;1012409;OBLEA COFLER CHOCOLINAS XL 8 X 16 X 54 Gr.;arcor-catalog
7790580124045;OBLEA COFLER GRAFFITI BLANCO 16 X 12 X 45 Gr.;ARCOR;CHOCOLATES;1012404;1012404;OBLEA COFLER GRAFFITI BLANCO 16 X 12 X 45 Gr.;arcor-catalog
7790580124069;OBLEA COFLER GRAFFITI CLÁSICO 16 X 12 X 45 Gr.;ARCOR;CHOCOLATES;1012553;1012553;OBLEA COFLER GRAFFITI CLÁSICO 16 X 12 X 45 Gr.;arcor-catalog
;OBLEA MAX AVELLLANA x60g.;ARCOR;;15142;;;sin-match
7790580024901;PALITOS AGUA ADULTOS SLICE FRUTILLA 22 X 70 Cc.;ARCOR;HELADOS;1011330;1011330;PALITOS AGUA ADULTOS SLICE FRUTILLA 22 X 70 Cc.;arcor-catalog
7790580708405;PALITOS AGUA ADULTOS SLICE LIMÓN 22 X 70 Cc.;ARCOR;HELADOS;1011331;1011331;PALITOS AGUA ADULTOS SLICE LIMÓN 22 X 70 Cc.;arcor-catalog
7790580121846;PALITOS AGUA ADULTOS SLICE MULTIFRUTA 22 X 70 Cc.;ARCOR;HELADOS;1012184;1012184;PALITOS AGUA ADULTOS SLICE MULTIFRUTA 22 X 70 Cc.;arcor-catalog
7790580117610;PALITOS AGUA INFANTILES DIDON HELADO 32 X 50 Cc.;ARCOR;HELADOS;1011761;1011761;PALITOS AGUA INFANTILES DIDON HELADO 32 X 50 Cc.;arcor-catalog
7790580127107;PALITOS AGUA INFANTILES MOGUL EXTREME SANDIA 30 X 50 Cc.;ARCOR;HELADOS;1012710;1012710;PALITOS AGUA INFANTILES MOGUL EXTREME SANDIA 30 X 50 Cc.;arcor-catalog
7790580394004;PALITOS AGUA INFANTILES MR POP'S SURTIDO 45 X 50 Cc.;ARCOR;HELADOS;1003307;1003307;PALITOS AGUA INFANTILES MR POP'S SURTIDO 45 X 50 Cc.;arcor-catalog
7790580127114;PALITOS AGUA INFANTILES MR POP'S TUBIX 24 X 60 Cc.;ARCOR;HELADOS;1012711;1012711;PALITOS AGUA INFANTILES MR POP'S TUBIX 24 X 60 Cc.;arcor-catalog
7790580127497;PALITOS INDULGENTES ARCOR CHOCOLATE BLANCO Y COOKIES 20 X 85 Cc.;ARCOR;HELADOS;1012790;1012790;PALITOS INDULGENTES ARCOR CHOCOLATE BLANCO Y COOKIES 20 X 85 Cc.;arcor-catalog
7790580112394;PALITOS INDULGENTES ARCOR CHOCOLATE CREMA AMERICANA 20 X 80 Cc.;ARCOR;HELADOS;1011239;1011239;PALITOS INDULGENTES ARCOR CHOCOLATE CREMA AMERICANA 20 X 80 Cc.;arcor-catalog
7790580395803;PALITOS INDULGENTES COFLER ALMENDRAS 16 X 80 Cc.;ARCOR;HELADOS;1011318;1011318;PALITOS INDULGENTES COFLER ALMENDRAS 16 X 80 Cc.;arcor-catalog
7790580108397;PALITOS INDULGENTES COFLER BLOCK 16 X 80 Cc.;ARCOR;HELADOS;1011328;1011328;PALITOS INDULGENTES COFLER BLOCK 16 X 80 Cc.;arcor-catalog
7790580121334;PALITOS INDULGENTES COFLER CHOCOLINAS 16 X 80 Cc.;ARCOR;HELADOS;1012133;1012133;PALITOS INDULGENTES COFLER CHOCOLINAS 16 X 80 Cc.;arcor-catalog
7790580395605;PALITOS INDULGENTES CORAZON BON O BON 16 X 60 Cc.;ARCOR;HELADOS;1011317;1011317;PALITOS INDULGENTES CORAZON BON O BON 16 X 60 Cc.;arcor-catalog
7790580112653;PALITOS INDULGENTES INFANTILES PALITO BOMBÓN ARCOR 30 X 60 Cc.;ARCOR;HELADOS;1011265;1011265;PALITOS INDULGENTES INFANTILES PALITO BOMBÓN ARCOR 30 X 60 Cc.;arcor-catalog
7790580524104;PALITOS INDULGENTES INFANTILES ROCKLETS COLORES 16 X 60 Cc.;ARCOR;HELADOS;1011316;1011316;PALITOS INDULGENTES INFANTILES ROCKLETS COLORES 16 X 60 Cc.;arcor-catalog
;PAQ. BUTTER CREAM x99g.;ARCOR;;14719;;;sin-match
;PAQ. BUTTER TOFFEES CHOCO x140g;ARCOR;;13419;;;sin-match
;PAQ. BUTTER TOFFEES DDL x140g;ARCOR;;13904;;;sin-match
;PAQ. BUTTER TOFFEES LECHE x140g;ARCOR;;13418;;;sin-match
;PAQ. BUTTER TOFFEES SURT X140G;ARCOR;;13420;;;sin-match
;PAQ. CAR. MENTA CRISTAL x140g;ARCOR;;13425;;;sin-match
;PAQ. CAR. MENTA/CHOCO x140;ARCOR;;13422;;;sin-match
;PAQ. CAR. RELLENO FRUTAL x140g;ARCOR;;13423;;;sin-match
;PAQ. CAR. RELLENO MIEL x140g;ARCOR;;13421;;;sin-match
;PAQ. CARAMELO GAJITOS x140g;ARCOR;;13424;;;sin-match
;PAQ. MASTICABLES FRUTA x120g;ARCOR;;13689;;;sin-match
;PAQ. MOGUL JELLY BEANS x150g.;ARCOR;;14186;;;sin-match
;PAQ. MRPOPS EVOL. SURTIDO 10u.;ARCOR;;14993;;;sin-match
;PAQ.BUTTER DL RELL/CHO x140g;ARCOR;;14737;;;sin-match
7790580252908;PAQ.Mr. POPS FRUTAL x10u.;ARCOR;GOLOSINAS;2529;1002529;CHUPETÍN ESFÉRICO ARCOR FRUTAL 24 x 10 Un.;alta
;PEPAS ARCOR x183g;ARCOR;;13589;;;sin-match
7790580126049;PIZZA ARCOR S/TAC x 500gr;ARCOR;ALIMENTOS;12604;1012604;PREMEZCLAS SIN GLUTEN PIZZA 12 X 500 Gr.;alta
;PLANT PROTEIN VAI/CHOC x900g;ARCOR;;14204;;;sin-match
;POLVO JUGO 3 FRUTAS x18u;ARCOR;;13039;;;sin-match
;POLVO JUGO ANANA x18;ARCOR;;13167;;;sin-match
;POLVO JUGO DURAZNO x18un;ARCOR;;13172;;;sin-match
;POLVO JUGO FRUTILLA X 18u.;ARCOR;;13171;;;sin-match
;POLVO JUGO LIMONADA x18;ARCOR;;13166;;;sin-match
;POLVO JUGO MANZANA x18;ARCOR;;13163;;;sin-match
;POLVO JUGO MULTIFRUTA x18un;ARCOR;;13164;;;sin-match
;POLVO JUGO NAR/BAN x18u.;ARCOR;;13168;;;sin-match
;POLVO JUGO NAR/DUR x18u;ARCOR;;13165;;;sin-match
;POLVO JUGO NAR/MANG x18u.;ARCOR;;14437;;;sin-match
;POLVO JUGO NARAN.DULCEx18u.;ARCOR;;13169;;;sin-match
;POLVO JUGO NARANJA x18u.;ARCOR;;13162;;;sin-match
;POLVO JUGO POM.ROSADOx18u.;ARCOR;;13795;;;sin-match
;POROTOS ALUBIA ARCOR x300g;ARCOR;;13249;;;sin-match
;POSTRE BC CHOCOLATE x60g;ARCOR;;13194;;;sin-match
;POSTRE BC DULCE DE LECHE x50g;ARCOR;;13686;;;sin-match
;POSTRE BC LIMON/CREMA x50g;ARCOR;;13193;;;sin-match
;POSTRE BC VAINILLA x50g;ARCOR;;13192;;;sin-match
;POSTRE GODET CHOCOL. x60g;ARCOR;;13191;;;sin-match
;POSTRE GODET DD.LECHE x60g;ARCOR;;13190;;;sin-match
;POSTRE GODET VAINILLA  x60g.;ARCOR;;13189;;;sin-match
7790580121877;POSTRE HELADO AGUILA 6 X 1400 Cc.;ARCOR;HELADOS;1012187;1012187;POSTRE HELADO AGUILA 6 X 1400 Cc.;arcor-catalog
7790580121884;POSTRE HELADO ALMENDRADO ARCOR 6 X 1400 Cc.;ARCOR;HELADOS;1012188;1012188;POSTRE HELADO ALMENDRADO ARCOR 6 X 1400 Cc.;arcor-catalog
7790580121907;POSTRE HELADO BON O BON 6 X 1400 Cc.;ARCOR;HELADOS;1012190;1012190;POSTRE HELADO BON O BON 6 X 1400 Cc.;arcor-catalog
7790580121891;POSTRE HELADO POSTRE CHOCOLINAS CHOCOTORTA 6 X 1400 Cc.;ARCOR;HELADOS;1012189;1012189;POSTRE HELADO POSTRE CHOCOLINAS CHOCOTORTA 6 X 1400 Cc.;arcor-catalog
7790580121839;POSTRE HELADO POSTRE ITALIANO AGUILA 6 X 1400 Cc.;ARCOR;HELADOS;1012183;1012183;POSTRE HELADO POSTRE ITALIANO AGUILA 6 X 1400 Cc.;arcor-catalog
7790580121860;POSTRE HELADO TOFI 6 X 1400 Cc.;ARCOR;HELADOS;1012186;1012186;POSTRE HELADO TOFI 6 X 1400 Cc.;arcor-catalog
7790580454210;POSTRE HELADO TRES CREMAS ARCOR 8 X 2000 Cc.;ARCOR;HELADOS;1004542;1004542;POSTRE HELADO TRES CREMAS ARCOR 8 X 2000 Cc.;arcor-catalog
7790580127787;POSTRES BC CHOCOLATE 48 X 60 Gr.;ARCOR;ALIMENTOS;1012778;1012778;POSTRES BC CHOCOLATE 48 X 60 Gr.;arcor-catalog
7790580127770;POSTRES BC LIMÓN CREMA 48 X 50 Gr.;ARCOR;ALIMENTOS;1012777;1012777;POSTRES BC LIMÓN CREMA 48 X 50 Gr.;arcor-catalog
7790580127763;POSTRES BC VAINILLA 48 X 50 Gr.;ARCOR;ALIMENTOS;1012776;1012776;POSTRES BC VAINILLA 48 X 50 Gr.;arcor-catalog
7790580111137;POSTRES GODET CHOCOLATE 48 X 70 Gr.;ARCOR;ALIMENTOS;1011113;1011113;POSTRES GODET CHOCOLATE 48 X 70 Gr.;arcor-catalog
7790580110628;POSTRES GODET DULCE DE LECHE 48 X 70 Gr.;ARCOR;ALIMENTOS;1011112;1011112;POSTRES GODET DULCE DE LECHE 48 X 70 Gr.;arcor-catalog
7790580111113;POSTRES GODET VAINILLA 48 X 70 Gr.;ARCOR;ALIMENTOS;1011111;1011111;POSTRES GODET VAINILLA 48 X 70 Gr.;arcor-catalog
7790580126087;PREMEZCLAS SIN GLUTEN BIZCOCHUELO CHOCOLATE SIN TACC 12 X 500 Gr.;ARCOR;ALIMENTOS;1012608;1012608;PREMEZCLAS SIN GLUTEN BIZCOCHUELO CHOCOLATE SIN TACC 12 X 500 Gr.;arcor-catalog
7790580126070;PREMEZCLAS SIN GLUTEN BIZCOCHUELO VAINILLA SIN TACC 12 X 500 Gr.;ARCOR;ALIMENTOS;1012607;1012607;PREMEZCLAS SIN GLUTEN BIZCOCHUELO VAINILLA SIN TACC 12 X 500 Gr.;arcor-catalog
7790580126049;PREMEZCLAS SIN GLUTEN PIZZA 12 X 500 Gr.;ARCOR;ALIMENTOS;1012604;1012604;PREMEZCLAS SIN GLUTEN PIZZA 12 X 500 Gr.;arcor-catalog
7790580126063;PREMEZCLAS SIN GLUTEN ÑOQUIS ESPINACA SIN TACC 12 X 400 Gr.;ARCOR;ALIMENTOS;1012606;1012606;PREMEZCLAS SIN GLUTEN ÑOQUIS ESPINACA SIN TACC 12 X 400 Gr.;arcor-catalog
7790580126056;PREMEZCLAS SIN GLUTEN ÑOQUIS PAPA SIN TACC 12 X 400 Gr.;ARCOR;ALIMENTOS;1012605;1012605;PREMEZCLAS SIN GLUTEN ÑOQUIS PAPA SIN TACC 12 X 400 Gr.;arcor-catalog
7790580126315;PRESTO ESPINACA/CREMA x250;ARCOR;ALIMENTOS;12631;1012631;PRESTOPRONTA ESPINACA A LA CREMA 42 X 250 Gr.;alta
;PRESTO MAIZ BCO AREPAS x1KG;ARCOR;;13395;;;sin-match
7790580126322;PRESTO PANC/QUESO x250;ARCOR;ALIMENTOS;12632;1012632;PRESTOPRONTA PANCETA Y QUESO 42 X 250 Gr.;alta
7790580126315;PRESTOPRONTA ESPINACA A LA CREMA 42 X 250 Gr.;ARCOR;ALIMENTOS;1012631;1012631;PRESTOPRONTA ESPINACA A LA CREMA 42 X 250 Gr.;arcor-catalog
7790580126322;PRESTOPRONTA PANCETA Y QUESO 42 X 250 Gr.;ARCOR;ALIMENTOS;1012632;1012632;PRESTOPRONTA PANCETA Y QUESO 42 X 250 Gr.;arcor-catalog
;PRESTOPRONTA x 490Gr.;ARCOR;;13873;;;sin-match
;PRESTOPRONTA x 730Gr;ARCOR;;13872;;;sin-match
;PULPA SUAVE TETRA x520Grs.;ARCOR;;6616;;;sin-match
;PURE ARCOR x520 Grs.;ARCOR;;14611;;;sin-match
;PURE DE TOMATE ARCOR x210g;ARCOR;;12927;;;sin-match
7790580131098;PURE TETRA ARCOR x 1050G;ARCOR;ALIMENTOS;13109;1013109;PURÉ DE TOMATE TETRABRIK ARCOR 12 X 1050 Gr.;alta
7790580131098;PURÉ DE TOMATE TETRABRIK ARCOR 12 X 1050 Gr.;ARCOR;ALIMENTOS;1013109;1013109;PURÉ DE TOMATE TETRABRIK ARCOR 12 X 1050 Gr.;arcor-catalog
7790580221904;PURÉ DE TOMATE TETRABRIK ARCOR PURÉ DE TOMATE 12 X 520 Gr.;ARCOR;ALIMENTOS;1006614;1006614;PURÉ DE TOMATE TETRABRIK ARCOR PURÉ DE TOMATE 12 X 520 Gr.;arcor-catalog
;RAMEN CARNE x70g.;ARCOR;;14997;;;sin-match
;RAMEN POLLO PICANTE x70g.;ARCOR;;15034;;;sin-match
;RAMEN POLLO x70g.;ARCOR;;14996;;;sin-match
;RELLENO AGUILA 3 EN 1 x290g;ARCOR;;13433;;;sin-match
;RELLENO AGUILA NUT AVELLAN x 290g;ARCOR;;13434;;;sin-match
;RELLENO BOB  UNTAB X 290gr;ARCOR;;13432;;;sin-match
;RELLENO UNTABLE BLOCK x290g;ARCOR;;13334;;;sin-match
7790580344207;RELLENOS ARCOR BASTÓN VIENA 12 x 470 Gr.;ARCOR;GOLOSINAS;1003442;1003442;RELLENOS ARCOR BASTÓN VIENA 12 x 470 Gr.;arcor-catalog
7790580223205;RELLENOS ARCOR LOTSA FIZZ 12 x 48 x 18,4 Gr.;ARCOR;GOLOSINAS;1002232;1002232;RELLENOS ARCOR LOTSA FIZZ 12 x 48 x 18,4 Gr.;arcor-catalog
7790580470203;RELLENOS ARCOR MENTA CHOCOLATE 36 x 150 Gr.;ARCOR;GOLOSINAS;1004702;1004702;RELLENOS ARCOR MENTA CHOCOLATE 36 x 150 Gr.;arcor-catalog
7790580118273;RELLENOS ARCOR MENTA CHOCOLATE 6 x 715 Gr.;ARCOR;GOLOSINAS;1011827;1011827;RELLENOS ARCOR MENTA CHOCOLATE 6 x 715 Gr.;arcor-catalog
7790580118297;RELLENOS ARCOR RELLENO MIEL + MENTA 12 x 335 Gr.;ARCOR;GOLOSINAS;1011829;1011829;RELLENOS ARCOR RELLENO MIEL + MENTA 12 x 335 Gr.;arcor-catalog
7790580470500;RELLENOS ARCOR RELLENOS FRUTALES 36 x 150 Gr.;ARCOR;GOLOSINAS;1004705;1004705;RELLENOS ARCOR RELLENOS FRUTALES 36 x 150 Gr.;arcor-catalog
7790580471309;RELLENOS ARCOR RELLENOS FRUTALES 6 x 810 Gr.;ARCOR;GOLOSINAS;1004713;1004713;RELLENOS ARCOR RELLENOS FRUTALES 6 x 810 Gr.;arcor-catalog
7790580470005;RELLENOS ARCOR RELLENOS MIEL 36 x 150 Gr.;ARCOR;GOLOSINAS;1004700;1004700;RELLENOS ARCOR RELLENOS MIEL 36 x 150 Gr.;arcor-catalog
7790580118280;RELLENOS ARCOR RELLENOS MIEL 6 x 675 Gr.;ARCOR;GOLOSINAS;1011828;1011828;RELLENOS ARCOR RELLENOS MIEL 6 x 675 Gr.;arcor-catalog
7790580118938;RELLENOS DE REPOSTERÍA AGUILA 3 EN 1 24 X 290 Gr.;ARCOR;CHOCOLATES;1011893;1011893;RELLENOS DE REPOSTERÍA AGUILA 3 EN 1 24 X 290 Gr.;arcor-catalog
7790580120337;RELLENOS DE REPOSTERÍA RELLENO AGUILA AVELLANAS 24 X 290 Gr.;ARCOR;CHOCOLATES;1012033;1012033;RELLENOS DE REPOSTERÍA RELLENO AGUILA AVELLANAS 24 X 290 Gr.;arcor-catalog
7790580108489;RELLENOS DE REPOSTERÍA UNTABLE BON O BON 24 X 290 Gr.;ARCOR;CHOCOLATES;1010848;1010848;RELLENOS DE REPOSTERÍA UNTABLE BON O BON 24 X 290 Gr.;arcor-catalog
;RELLENOS FRUTAL x80g.;ARCOR;;15213;;;sin-match
;RELLENOS MIEL x80g.;ARCOR;;15214;;;sin-match
7790580115999;ROCKLETON 16X14GR;ARCOR;CHOCOLATES;11599;1011599;ROCKLETS FIGURAS ROCKLETÓN 12 X 16 Un. X 13.5 Gr.;alta
7790580422004;ROCKLETS 10 X 1 Kg.;ARCOR;CHOCOLATES;1004220;1004220;ROCKLETS 10 X 1 Kg.;arcor-catalog
7790580327408;ROCKLETS 12 X 18 X 40 Gr.;ARCOR;CHOCOLATES;1003274;1003274;ROCKLETS 12 X 18 X 40 Gr.;arcor-catalog
7790580423414;ROCKLETS 12 X 24 X 20 Gr.;ARCOR;CHOCOLATES;1001009;1001009;ROCKLETS 12 X 24 X 20 Gr.;arcor-catalog
7790580423414;ROCKLETS 24x20g.;ARCOR;CHOCOLATES;1009;1001009;ROCKLETS 12 X 24 X 20 Gr.;alta
7790580107635;ROCKLETS 32 X 150 Gr.;ARCOR;CHOCOLATES;1010763;1010763;ROCKLETS 32 X 150 Gr.;arcor-catalog
7790580115739;ROCKLETS BOLLS 9 X 12 X 35 Gr.;ARCOR;CHOCOLATES;1011573;1011573;ROCKLETS BOLLS 9 X 12 X 35 Gr.;arcor-catalog
;ROCKLETS BOLLS CEREAL x35g.;ARCOR;;15070;;;sin-match
7790580115739;ROCKLETS BOLLS x 35gr;ARCOR;CHOCOLATES;11573;1011573;ROCKLETS BOLLS 9 X 12 X 35 Gr.;alta
;ROCKLETS COOKIE x35g.;ARCOR;;15074;;;sin-match
;ROCKLETS EXTREME x20g.;ARCOR;;15207;;;sin-match
7790580115999;ROCKLETS FIGURAS ROCKLETÓN 12 X 16 Un. X 13.5 Gr.;ARCOR;CHOCOLATES;1011599;1011599;ROCKLETS FIGURAS ROCKLETÓN 12 X 16 Un. X 13.5 Gr.;arcor-catalog
7790580117566;ROCKLETS FIGURAS SUPER ROCKLETS 8 X 12 Un. X 30 Gr.;ARCOR;CHOCOLATES;1011756;1011756;ROCKLETS FIGURAS SUPER ROCKLETS 8 X 12 Un. X 30 Gr.;arcor-catalog
7790580121457;ROCKLETS MANI x 40G;ARCOR;CHOCOLATES;12145;1012145;MANÍ ROCKLETS 40 GRS 12 X 16 X 40 Gr.;alta
7790580426606;ROCKLETS MINI 12 X 44 X 10 Gr.;ARCOR;CHOCOLATES;1004266;1004266;ROCKLETS MINI 12 X 44 X 10 Gr.;arcor-catalog
7790580116583;ROCKLETS MINI 32 X 150 Gr.;ARCOR;CHOCOLATES;1011658;1011658;ROCKLETS MINI 32 X 150 Gr.;arcor-catalog
7790580116583;ROCKLETS MINI BOLSAx150g.;ARCOR;CHOCOLATES;11658;1011658;ROCKLETS MINI 32 X 150 Gr.;alta
;ROCKLETS PICANTE x20g;ARCOR;;15208;;;sin-match
7790580107635;ROCKLETS x 150gr;ARCOR;CHOCOLATES;10763;1010763;ROCKLETS 32 X 150 Gr.;alta
7790580327408;ROCKLETS x 40g.;ARCOR;CHOCOLATES;3274;1003274;ROCKLETS 12 X 18 X 40 Gr.;alta
;ROCKLETS x500g;ARCOR;;13258;;;sin-match
;ROLLO MOGUL x 12u.;ARCOR;;6020;;;sin-match
;SACIETY PLUS CHOCOLATE x462g.;ARCOR;;13803;;;sin-match
;SACIETY PLUS VAINILLA x448g.;ARCOR;;13802;;;sin-match
;SAL. SNACK BARBAC X 58G;ARCOR;;12501;;;sin-match
;SAL. SNACK CHEDAR X 58G;ARCOR;;12505;;;sin-match
;SAL. SNACK CHEDAR X 95G;ARCOR;;12506;;;sin-match
;SAL.DP. BOLOGNESA.ARCOR x340g;ARCOR;;13001;;;sin-match
;SAL.DP. FILETTO ARCOR x340g;ARCOR;;13318;;;sin-match
;SAL.DP. ITAL.AL VERDEOx340g.;ARCOR;;13450;;;sin-match
;SAL.DP. PIZZA ARCOR x340g;ARCOR;;13315;;;sin-match
;SAL.DP. POMAROLA ARCOR x340g;ARCOR;;13313;;;sin-match
;SAL.DP. PORTUGUEZA ARCOR x340g;ARCOR;;13449;;;sin-match
;SAL.DP. ROSA ARCOR x340g;ARCOR;;13000;;;sin-match
;SAL.DP. TUCO ARCOR x340g;ARCOR;;13451;;;sin-match
;SAL.SNACK BACONZITOSx60g.;ARCOR;;11132;;;sin-match
;SALADIX BARBACOA x 95gr;ARCOR;;12502;;;sin-match
7790580775407;SALADIX BOLSA CALABRESA 8 X 6 X 30 Gr.;ARCOR;GALLETAS;1007754;1007754;SALADIX BOLSA CALABRESA 8 X 6 X 30 Gr.;arcor-catalog
7790580387105;SALADIX BOLSA JAMÓN 8 X 6 X 30 Gr.;ARCOR;GALLETAS;1003871;1003871;SALADIX BOLSA JAMÓN 8 X 6 X 30 Gr.;arcor-catalog
7790580387006;SALADIX BOLSA PIZZA 8 X 6 X 30 Gr.;ARCOR;GALLETAS;1003870;1003870;SALADIX BOLSA PIZZA 8 X 6 X 30 Gr.;arcor-catalog
7790580716806;SALADIX CALABRESA x 100Gr.;ARCOR;GALLETAS;7168;1007168;SALADIX ESTUCHE CALABRESA 4 X 6 X 100 Gr.;alta
;SALADIX CHIP FUEGO x60g;ARCOR;;13384;;;sin-match
;SALADIX CHIPS ORIGINAL X100G;ARCOR;;13381;;;sin-match
;SALADIX CHIPS ORIGINAL x60g;ARCOR;;13382;;;sin-match
;SALADIX CREMA/CEBOLLA x58G;ARCOR;;12960;;;sin-match
;SALADIX CROSS FUEGO x67g;ARCOR;;14128;;;sin-match
;SALADIX CROSS ORIGINAL x135g;ARCOR;;12964;;;sin-match
;SALADIX CROSS ORIGINAL x67g;ARCOR;;12963;;;sin-match
;SALADIX CROSS PIZZA x 135g;ARCOR;;12491;;;sin-match
;SALADIX CROSS PIZZA x 27gr;ARCOR;;12489;;;sin-match
;SALADIX CROSS PIZZA x 67gr;ARCOR;;12490;;;sin-match
;SALADIX CROSS QUESO x67g;ARCOR;;13088;;;sin-match
;SALADIX DUO x80g.;ARCOR;;3746;;;sin-match
7790580716806;SALADIX ESTUCHE CALABRESA 4 X 6 X 100 Gr.;ARCOR;GALLETAS;1007168;1007168;SALADIX ESTUCHE CALABRESA 4 X 6 X 100 Gr.;arcor-catalog
7790580716707;SALADIX ESTUCHE JAMÓN 4 X 6 X 100 Gr.;ARCOR;GALLETAS;1007167;1007167;SALADIX ESTUCHE JAMÓN 4 X 6 X 100 Gr.;arcor-catalog
7790580717407;SALADIX ESTUCHE PARMESANO 4 X 6 X 100 Gr.;ARCOR;GALLETAS;1007174;1007174;SALADIX ESTUCHE PARMESANO 4 X 6 X 100 Gr.;arcor-catalog
7790580697303;SALADIX ESTUCHE PIZZA 4 X 6 X 100 Gr.;ARCOR;GALLETAS;1006973;1006973;SALADIX ESTUCHE PIZZA 4 X 6 X 100 Gr.;arcor-catalog
;SALADIX EXTRAPICANTE x100g.;ARCOR;;14777;;;sin-match
;SALADIX FUEGO x100g;ARCOR;;14125;;;sin-match
7790580716707;SALADIX JAMON x 100Gr.;ARCOR;GALLETAS;7167;1007167;SALADIX ESTUCHE JAMÓN 4 X 6 X 100 Gr.;alta
;SALADIX KESITOS x 32gr;ARCOR;;12342;;;sin-match
;SALADIX KESITOS x 70gr;ARCOR;;12343;;;sin-match
;SALADIX ORIGINAL x 58gr;ARCOR;;12497;;;sin-match
;SALADIX ORIGINAL x 95gr;ARCOR;;12498;;;sin-match
;SALADIX PAPA CRE/CEB x 95gr;ARCOR;;12961;;;sin-match
;SALADIX PIZZA TIRA 6u x 40g.;ARCOR;;15202;;;sin-match
7790580697303;SALADIX PIZZA x 100Gr.;ARCOR;GALLETAS;6973;1006973;SALADIX ESTUCHE PIZZA 4 X 6 X 100 Gr.;alta
;SALADIX PIZZITAS x70g.;ARCOR;;11134;;;sin-match
;SALADIX STICKS PICANTE x80G;ARCOR;;14127;;;sin-match
7790580775407;SALADIX TIRA CALAB 6u.x30Gr.;ARCOR;GALLETAS;7754;1007754;SALADIX BOLSA CALABRESA 8 X 6 X 30 Gr.;alta
;SALADIX TIRA CALAB 6u.x40Gr.;ARCOR;;15203;;;sin-match
;SALADIX TIRA DUO 6u.x25g.;ARCOR;;3747;;;sin-match
;SALADIX TIRA DUO 6u.x33g.;ARCOR;;15205;;;sin-match
7790580387105;SALADIX TIRA JAMON 6u.x30g.;ARCOR;GALLETAS;3871;1003871;SALADIX BOLSA JAMÓN 8 X 6 X 30 Gr.;alta
;SALADIX TIRA JAMON 6u.x40g.;ARCOR;;15201;;;sin-match
;SALADIX TIRA PICANTE 6u.x30g.;ARCOR;;14778;;;sin-match
;SALSA CHOCOLATE AGUILA x320g.;ARCOR;;10792;;;sin-match
7790580408343;SALSAS ARCOR INDIVIDUAL PIZZA 24 X 200 Gr.;ARCOR;ALIMENTOS;1012685;1012685;SALSAS ARCOR INDIVIDUAL PIZZA 24 X 200 Gr.;arcor-catalog
7790580956707;SALSAS ARCOR PIZZA 24 X 340 Gr.;ARCOR;ALIMENTOS;1009567;1009567;SALSAS ARCOR PIZZA 24 X 340 Gr.;arcor-catalog
7790580131173;SAPITO CARITA HELADA 30 X 60 Gr. (86 Cc.);ARCOR;HELADOS;1013117;1013117;SAPITO CARITA HELADA 30 X 60 Gr. (86 Cc.);arcor-catalog
;SELECC. DE CHOCOL.SURT. x246g.;ARCOR;;13137;;;sin-match
;SELECCION ARCOR x228g;ARCOR;;13138;;;sin-match
7790580107192;SELECCIÓN ARCOR SURTIDO BOMBÓN 16 X 258 Gr.;ARCOR;CHOCOLATES;1010730;1010730;SELECCIÓN ARCOR SURTIDO BOMBÓN 16 X 258 Gr.;arcor-catalog
7790580110796;SELECCIÓN ARCOR SURTIDO CHOCOLATE 16 X 276 Gr.;ARCOR;CHOCOLATES;1011080;1011080;SELECCIÓN ARCOR SURTIDO CHOCOLATE 16 X 276 Gr.;arcor-catalog
;SERRANA SAND AGRUPADA 3X112;ARCOR;;7049;;;sin-match
;SERRANAS SADWICH X112G;ARCOR;;7048;;;sin-match
;SERRANITA OFERTAx315gr;ARCOR;;14361;;;sin-match
;SERRANITAS x105g;ARCOR;;14360;;;sin-match
;SIMPLE BATIDO CON.CHOCO X33G;ARCOR;;13488;;;sin-match
7790580125684;SIMPLE CALCIO+D x28u;ARCOR;NUTRICIÓN;12568;1012568;NUTRICIÓN SEMANAL CALCIO + VITAMINA D 12 X 28 Un.;alta
7790580119614;SIMPLE CALCIO+D x60u;ARCOR;NUTRICIÓN;11961;1011961;NUTRICIÓN MENSUAL CALCIO + VITAMINA D 6 X 60 Un.;alta
;SIMPLE COLAGENO x28 un;ARCOR;;13071;;;sin-match
;SIMPLE COLAGENO x60un;ARCOR;;13070;;;sin-match
;SIMPLE DEFENSAS x28un;ARCOR;;12560;;;sin-match
;SIMPLE DEFENSAS x60un;ARCOR;;12559;;;sin-match
7790580125691;SIMPLE FIBRA x28u;ARCOR;NUTRICIÓN;12569;1012569;NUTRICIÓN SEMANAL FIBRA 12 X 28 Un.;alta
7790580118075;SIMPLE FIBRA x60u;ARCOR;NUTRICIÓN;11807;1011807;NUTRICIÓN MENSUAL FIBRA 6 X 60 Un.;alta
7790580125677;SIMPLE VITALIDAD x28un;ARCOR;NUTRICIÓN;12567;1012567;NUTRICIÓN SEMANAL VITALIDAD 12 X 28 Un.;alta
7790580118082;SIMPLE VITALIDAD x60u;ARCOR;NUTRICIÓN;11808;1011808;NUTRICIÓN MENSUAL VITALIDAD 6 X 60 Un.;alta
;SPAGHETTI ARCOR x500g;ARCOR;;14538;;;sin-match
;SPAGHETTI ARCOR x500g;ARCOR;;13478;;;sin-match
;SURTIDO DIVERSION x400gr;ARCOR;;14336;;;sin-match
;TABLETA BON O BON x160g;ARCOR;;14610;;;sin-match
;TABLETA BONOBON x48g.;ARCOR;;15127;;;sin-match
7790580123338;TABLETAS ARCOR 50% CACAO 6 X 14 X 100 Gr.;ARCOR;CHOCOLATES;1012333;1012333;TABLETAS ARCOR 50% CACAO 6 X 14 X 100 Gr.;arcor-catalog
7790580003340;TABLETAS ARCOR BLANCO CON MANÍ 6 X 14 X 100 Gr.;ARCOR;CHOCOLATES;1010334;1010334;TABLETAS ARCOR BLANCO CON MANÍ 6 X 14 X 100 Gr.;arcor-catalog
7790580103330;TABLETAS ARCOR LECHE CON MANÍ 6 X 14 X 100 Gr.;ARCOR;CHOCOLATES;1010333;1010333;TABLETAS ARCOR LECHE CON MANÍ 6 X 14 X 100 Gr.;arcor-catalog
7790580003357;TABLETAS ARCOR MARMOLADO 6 X 14 X 100 Gr.;ARCOR;CHOCOLATES;1010335;1010335;TABLETAS ARCOR MARMOLADO 6 X 14 X 100 Gr.;arcor-catalog
7790580127152;TABLETAS COFLER AIREADO RELLENO BON O BON 8 X 20 X 30 Gr.;ARCOR;CHOCOLATES;1012921;1012921;TABLETAS COFLER AIREADO RELLENO BON O BON 8 X 20 X 30 Gr.;arcor-catalog
;TALLARIN ARCOR x500g.;ARCOR;;14521;;;sin-match
;TIRABUZON ARCOR x500g.;ARCOR;;14233;;;sin-match
7790580746407;TOFI RELLENO BLANCO x27Gr;ARCOR;CHOCOLATES;7464;1007464;CHOCOLATE TOFI TOFI BLANCO 12 X 25 X 27 Gr.;alta
7790580746704;TOFI RELLENO BLCO x55Gs;ARCOR;CHOCOLATES;7467;1007467;CHOCOLATE TOFI TOFI BLANCO 8 X 15 X 55 Gr.;alta
7790580746605;TOFI RELLENO LECH x55Gs;ARCOR;CHOCOLATES;7466;1007466;CHOCOLATE TOFI TOFI LECHE 8 X 15 X 55 Gr.;alta
7790580746308;TOFI RELLENO LECHE x28g.;ARCOR;CHOCOLATES;7463;1007463;CHOCOLATE TOFI TOFI LECHE 12 X 25 X 28 Gr.;alta
7790580567101;TOMATE CUBETEADO 2 X 12 X 400 Gr.;ARCOR;ALIMENTOS;1005671;1005671;TOMATE CUBETEADO 2 X 12 X 400 Gr.;arcor-catalog
7790580567101;TOMATE PEL. PER.CUBETEADO X 400 GR;ARCOR;ALIMENTOS;5671;1005671;TOMATE CUBETEADO 2 X 12 X 400 Gr.;alta
7790580567903;TOMATE PEL.PERITA x 400 Gr;ARCOR;ALIMENTOS;5679;1005679;TOMATE PERITA ARCOR 2 X 12 X 400 Gr.;alta
7790580567903;TOMATE PERITA ARCOR 2 X 12 X 400 Gr.;ARCOR;ALIMENTOS;1005679;1005679;TOMATE PERITA ARCOR 2 X 12 X 400 Gr.;arcor-catalog
;TOP LINE 7 BUBBLE FUN x16un;ARCOR;;13792;;;sin-match
7790580326906;TOP LINE 7 MANDAR.16x14g.;ARCOR;GOLOSINAS;3269;1003269;TOPLINE SEVEN MANDARINA 36 x 16 x 14 Gr.;alta
7790580123345;TOP LINE 7 MENTHOL 16x14g;ARCOR;GOLOSINAS;12334;1012334;TOPLINE SEVEN MENTOL 36 x 16 x 14 Gr.;alta
7790580109189;TOP LINE 7 SANDIA 16x14g.;ARCOR;GOLOSINAS;10918;1010918;TOPLINE SEVEN SANDÍA 36 x 16 x 14 Gr.;alta
7790580511104;TOP LINE 7 STRAWBERRY x16u;ARCOR;GOLOSINAS;5111;1005111;TOPLINE SEVEN VIBRANT STRAWBERRY 36 x 16 x 14 Gr.;alta
7790580361204;TOP LINE 7 STRONG 16x14g;ARCOR;GOLOSINAS;3612;1003612;TOPLINE SEVEN ATOMIC STRONG 36 x 16 x 14 Gr.;alta
7790580120115;TOP LINE 7 ULTRA BERRY x12u;ARCOR;GOLOSINAS;12101;1012101;TOPLINE SEVEN ULTRA RED BERRY 12 x 12 x 24 Gr.;alta
7790580121020;TOP LINE 7 ULTRA CLEAN x12u;ARCOR;GOLOSINAS;12102;1012102;TOPLINE SEVEN ULTRA CLEAN MINT 12 x 12 x 24 Gr.;alta
;TOP LINE 7 ULTRA DOBLE x12u;ARCOR;;13710;;;sin-match
7790580121006;TOP LINE 7 ULTRA MINT x12u;ARCOR;GOLOSINAS;12100;1012100;TOPLINE SEVEN ULTRA GREEN MINT 12 x 12 x 24 Gr.;alta
7790580104252;TOP LINE 7 VIOLET CHERRY x16u;ARCOR;GOLOSINAS;10425;1010425;TOPLINE SEVEN VIOLET CHERRY 36 x 16 x 14 Gr.;alta
7790580317607;TOP LINE 7 XPLOS.MIN 16x14g.;ARCOR;GOLOSINAS;3176;1003176;TOPLINE SEVEN X-PLOSIVE MINT 36 x 16 x 14 Gr.;alta
7790580144906;TOP LINE DEFENSE x20u.;ARCOR;GOLOSINAS;6907;1006907;TOPLINE DEFENSE 30 x 20 x 6,7 Gr.;alta
7790580144609;TOP LINE FRUTA x20u.;ARCOR;GOLOSINAS;6901;1006901;TOPLINE FRUTA 30 x 20 x 6,7 Gr.;alta
7790580145002;TOP LINE MENTA x20u.;ARCOR;GOLOSINAS;6900;1006900;TOPLINE MENTA 30 x 20 x 6,7 Gr.;alta
7790580146405;TOP LINE SAND/MTA.x20u.;ARCOR;GOLOSINAS;6934;1006934;TOPLINE SANDÍA 30 x 20 x 6,7 Gr.;alta
7790580144708;TOP LINE STRONG x20u.;ARCOR;GOLOSINAS;6906;1006906;TOPLINE STRONG 30 x 20 x 6,7 Gr.;alta
;TOPLINE 7 TURBO MINT 6x25g;ARCOR;;14727;;;sin-match
;TOPLINE 7 TURBO MINT x125G;ARCOR;;13393;;;sin-match
;TOPLINE 7 TURBO MINT x50G;ARCOR;;13854;;;sin-match
;TOPLINE 7 TURBO PINK x50g.;ARCOR;;15006;;;sin-match
7790580144906;TOPLINE DEFENSE 30 x 20 x 6,7 Gr.;ARCOR;GOLOSINAS;1006907;1006907;TOPLINE DEFENSE 30 x 20 x 6,7 Gr.;arcor-catalog
7790580144609;TOPLINE FRUTA 30 x 20 x 6,7 Gr.;ARCOR;GOLOSINAS;1006901;1006901;TOPLINE FRUTA 30 x 20 x 6,7 Gr.;arcor-catalog
7790580145002;TOPLINE MENTA 30 x 20 x 6,7 Gr.;ARCOR;GOLOSINAS;1006900;1006900;TOPLINE MENTA 30 x 20 x 6,7 Gr.;arcor-catalog
7790580146405;TOPLINE SANDÍA 30 x 20 x 6,7 Gr.;ARCOR;GOLOSINAS;1006934;1006934;TOPLINE SANDÍA 30 x 20 x 6,7 Gr.;arcor-catalog
7790580361204;TOPLINE SEVEN ATOMIC STRONG 36 x 16 x 14 Gr.;ARCOR;GOLOSINAS;1003612;1003612;TOPLINE SEVEN ATOMIC STRONG 36 x 16 x 14 Gr.;arcor-catalog
7790580326906;TOPLINE SEVEN MANDARINA 36 x 16 x 14 Gr.;ARCOR;GOLOSINAS;1003269;1003269;TOPLINE SEVEN MANDARINA 36 x 16 x 14 Gr.;arcor-catalog
7790580123345;TOPLINE SEVEN MENTOL 36 x 16 x 14 Gr.;ARCOR;GOLOSINAS;1012334;1012334;TOPLINE SEVEN MENTOL 36 x 16 x 14 Gr.;arcor-catalog
7790580109189;TOPLINE SEVEN SANDÍA 36 x 16 x 14 Gr.;ARCOR;GOLOSINAS;1010918;1010918;TOPLINE SEVEN SANDÍA 36 x 16 x 14 Gr.;arcor-catalog
7790580121020;TOPLINE SEVEN ULTRA CLEAN MINT 12 x 12 x 24 Gr.;ARCOR;GOLOSINAS;1012102;1012102;TOPLINE SEVEN ULTRA CLEAN MINT 12 x 12 x 24 Gr.;arcor-catalog
7790580121006;TOPLINE SEVEN ULTRA GREEN MINT 12 x 12 x 24 Gr.;ARCOR;GOLOSINAS;1012100;1012100;TOPLINE SEVEN ULTRA GREEN MINT 12 x 12 x 24 Gr.;arcor-catalog
7790580120115;TOPLINE SEVEN ULTRA RED BERRY 12 x 12 x 24 Gr.;ARCOR;GOLOSINAS;1012101;1012101;TOPLINE SEVEN ULTRA RED BERRY 12 x 12 x 24 Gr.;arcor-catalog
7790580511104;TOPLINE SEVEN VIBRANT STRAWBERRY 36 x 16 x 14 Gr.;ARCOR;GOLOSINAS;1005111;1005111;TOPLINE SEVEN VIBRANT STRAWBERRY 36 x 16 x 14 Gr.;arcor-catalog
7790580104252;TOPLINE SEVEN VIOLET CHERRY 36 x 16 x 14 Gr.;ARCOR;GOLOSINAS;1010425;1010425;TOPLINE SEVEN VIOLET CHERRY 36 x 16 x 14 Gr.;arcor-catalog
7790580317607;TOPLINE SEVEN X-PLOSIVE MINT 36 x 16 x 14 Gr.;ARCOR;GOLOSINAS;1003176;1003176;TOPLINE SEVEN X-PLOSIVE MINT 36 x 16 x 14 Gr.;arcor-catalog
7790580144708;TOPLINE STRONG 30 x 20 x 6,7 Gr.;ARCOR;GOLOSINAS;1006906;1006906;TOPLINE STRONG 30 x 20 x 6,7 Gr.;arcor-catalog
7790580122287;TORTA AGUILA BROWNIE x425gr;ARCOR;ALIMENTOS;12228;1012228;AGUILA PREMEZCLAS BROWNIE AGUILA 12 X 425 Gr.;alta
;TORTA AGUILA CHIPS x450g;ARCOR;;13031;;;sin-match
;TORTA AGUILA CHOCOLATE x530g;ARCOR;;13228;;;sin-match
7790580122300;TORTA AGUILA HUMEDA x 450gr;ARCOR;ALIMENTOS;12230;1012230;AGUILA PREMEZCLAS TORTA AGUILA 12 X 450 Gr.;alta
;TORTA AGUILA MARMOLADA x550g;ARCOR;;13230;;;sin-match
;TORTA AGUILA VAINILLA x530G;ARCOR;;13229;;;sin-match
7790580126087;TORTA ARCOR CHOC S/TACC x500g;ARCOR;ALIMENTOS;12608;1012608;PREMEZCLAS SIN GLUTEN BIZCOCHUELO CHOCOLATE SIN TACC 12 X 500 Gr.;alta
7790580126070;TORTA ARCOR VAINILLA S/TACC x 500gr;ARCOR;ALIMENTOS;12607;1012607;PREMEZCLAS SIN GLUTEN BIZCOCHUELO VAINILLA SIN TACC 12 X 500 Gr.;alta
;TORTA CHOCOLATE x500g;ARCOR;;13176;;;sin-match
;TORTA MARMOLADA x500g;ARCOR;;13175;;;sin-match
;TORTA VAINILLA x500g;ARCOR;;13174;;;sin-match
7790580538903;TORTITAS BLACK X 125G;ARCOR;GALLETAS;6768;1006768;TORTITAS PAQUETE TORTITAS BLACK 24 X 125 Gr.;alta
;TORTITAS CHOCOLATE x125g.;ARCOR;;6770;;;sin-match
7790580538903;TORTITAS PAQUETE TORTITAS BLACK 24 X 125 Gr.;ARCOR;GALLETAS;1006768;1006768;TORTITAS PAQUETE TORTITAS BLACK 24 X 125 Gr.;arcor-catalog
;TORTUGAS DE CHOCOLATE x145G;ARCOR;;14248;;;sin-match
;TORTUGAS DE CHOCOLATE x245g;ARCOR;;14249;;;sin-match
;TUB.MOGUL EXT.FRUT. 16x15g.;ARCOR;;14739;;;sin-match
;TUB.MOGUL EXT.FRUTILL x70g;ARCOR;;14043;;;sin-match
;TUB.MOGUL EXT.FRUTILL.x620g;ARCOR;;14044;;;sin-match
;TUB.MOGUL EXT.MIX FRU x100g.;ARCOR;;15106;;;sin-match
;TUB.MOGUL EXT.TUTTI 16x15g.;ARCOR;;14740;;;sin-match
;TUB.MOGUL EXT.TUTTI x70g;ARCOR;;14166;;;sin-match
;TUB.MOGUL MAX 24x25g;ARCOR;;14049;;;sin-match
;TUB.MOGUL MAX TWIST 24x25g.;ARCOR;;15110;;;sin-match
;TUBITOS MOGUL EXT. TUTTI.16x20g;ARCOR;;14068;;;sin-match
;TURRON ARCOR x 50 u.;ARCOR;;4013;;;sin-match
;TURRON CHOCOLATADA x50u;ARCOR;;11612;;;sin-match
;TURRON ROCKLETS x50u.;ARCOR;;15004;;;sin-match
7790580401504;TURRÓN OBLEA ARCOR AGRUPADO 20 x 10 x 25 Gr.;ARCOR;GOLOSINAS;1004015;1004015;TURRÓN OBLEA ARCOR AGRUPADO 20 x 10 x 25 Gr.;arcor-catalog
;VASO AGUILA ANIV 60% x70g.;ARCOR;;15191;;;sin-match
;VASO AGUILA ANIVER x70g.;ARCOR;;15153;;;sin-match
;WHEY PROTEIN CHOCOLATE x1008g;ARCOR;;13800;;;sin-match
;WHEY PROTEIN VAINILLA x980g;ARCOR;;13799;;;sin-match
7790580126056;ÑOQUI PAPA ARCOR S/TAC x 400gr;ARCOR;ALIMENTOS;12605;1012605;PREMEZCLAS SIN GLUTEN ÑOQUIS PAPA SIN TACC 12 X 400 Gr.;alta
